group,stock_name,trading_symbol,ath,cp,ema10,ema20,prev_change_pct,today_change_pct,instrument_key,ema5,last_updated,open,refresh_error,l5_open,w_ema4,w_ema5,w_OtoC_pct_change,w_open,w_l5_open,weekly_l5_distance
BANKING,ICICI BANK LTD.,ICICIBANK,1500.0,1272.7,1264.96,1268.42,-0.85,-1.05,NSE_EQ|INE090A01021,1270.29,2026-05-28T20:57:53.437046+05:30,1286.0,0.0,1271.0,1273.33,1283.32,1.97,1226.6,1226.6,1.97
Financial Services,360 ONE WAM Ltd,360ONE,1318.0,1112.1,1111.4,1097.05,-2.37,-1.24,NSE_EQ|INE466L01038,1118.04,2026-05-28T20:57:54.483161+05:30,1125.9,0.0,1125.4,1031.18,1039.87,-4.69,1040.6,1025.0,-3.12
Diversified,3M India Ltd.,3MINDIA,40856.5,33225.0,32590.83,32344.27,-3.26,-0.08,NSE_EQ|INE470A01017,32961.72,2026-05-28T20:57:55.511446+05:30,33250.0,,32500.0,32755.67,33061.79,-1.46,31960.0,36500.0,-15.87
Capital Goods,ABB India Ltd.,ABB,9149.95,7219.0,6761.66,6757.78,0.72,5.23,NSE_EQ|INE117A01022,6867.23,2026-05-28T20:57:56.522322+05:30,6841.5,,6600.5,6180.34,6143.59,-1.66,6264.0,5840.0,5.23
Construction Materials,ACC Ltd.,ACC,2844.0,1426.6,1386.39,1387.33,1.95,0.81,NSE_EQ|INE012A01025,1397.26,2026-05-28T20:57:57.586357+05:30,1415.0,,1385.0,1403.25,1425.86,-3.04,1374.9,0.0,0.0
Power,ACME Solar Holdings Ltd.,ACMESOLAR,324.3,305.6,293.27,290.55,-0.25,0.39,NSE_EQ|INE622W01025,297.99,2026-05-28T20:57:58.627589+05:30,304.4,,292.9,245.08,243.36,1.1,246.37,246.37,1.1
Capital Goods,AIA Engineering Ltd.,AIAENG,4949.95,4428.1,4062.83,3990.17,3.75,6.43,NSE_EQ|INE212H01026,4160.06,2026-05-28T20:57:59.652582+05:30,4143.4,0.0,3987.9,3518.65,3557.74,-0.64,3399.9,3602.0,-6.62
Capital Goods,APL Apollo Tubes Ltd.,APLAPOLLO,2301.4,1867.7,1882.46,1905.49,-1.28,-0.24,NSE_EQ|INE702C01027,1875.35,2026-05-28T20:58:00.701431+05:30,1872.1,,0.0,2011.42,2024.14,0.47,1965.2,1921.6,2.67
Financial Services,AU Small Finance Bank Ltd.,AUBANK,1079.55,1005.0,994.71,995.61,1.07,-0.67,NSE_EQ|INE949L01017,997.02,2026-05-28T20:58:01.738847+05:30,1011.7,,1001.0,905.93,914.23,-0.88,885.2,880.6,-0.35
Fast Moving Consumer Goods,AWL Agri Business Ltd.,AWL,878.0,193.46,196.4,197.08,0.03,-0.1,NSE_EQ|INE699H01024,194.58,2026-05-28T20:58:02.760064+05:30,193.65,,0.0,184.08,185.53,-5.03,189.2,0.0,0.0
Financial Services,Aadhar Housing Finance Ltd.,AADHARHFC,547.8,477.8,477.69,480.3,1.04,-0.98,NSE_EQ|INE883F01010,476.51,2026-05-28T20:58:03.782156+05:30,482.5,,473.25,458.8,459.67,2.98,447.65,447.65,2.98
Chemicals,Aarti Industries Ltd.,AARTIIND,1168.0,500.75,482.33,477.06,1.76,1.76,NSE_EQ|INE769A01020,487.82,2026-05-28T20:58:04.788156+05:30,491.95,,482.35,423.44,423.38,-0.54,420.95,420.95,-0.54
Financial Services,Aavas Financiers Ltd.,AAVAS,3340.0,1369.0,1378.65,1372.64,1.31,-1.53,NSE_EQ|INE216P01012,1377.52,2026-05-28T20:58:05.810002+05:30,1390.0,,1375.0,1153.29,1170.91,2.08,1091.0,1091.0,2.08
Healthcare,Abbott India Ltd.,ABBOTINDIA,37000.0,27700.0,27550.35,27172.25,-0.92,-0.36,NSE_EQ|INE358A01014,27679.39,2026-05-28T20:58:06.815328+05:30,27800.0,,0.0,26833.0,26855.92,0.86,26570.0,26025.0,2.89
Capital Goods,Action Construction Equipment Ltd.,ACE,1695.0,906.25,891.34,890.94,0.6,1.46,NSE_EQ|INE731H01025,893.54,2026-05-28T20:58:07.863371+05:30,893.0,,872.0,829.87,836.45,-2.79,821.0,844.7,-5.75
Power,Adani Energy Solutions Ltd.,ADANIENSOL,4236.75,1540.1,1403.44,1362.39,3.98,3.58,NSE_EQ|INE931S01010,1445.48,2026-05-28T20:58:08.871614+05:30,1485.0,,1405.0,986.04,985.92,-3.38,1000.0,987.5,-2.09
Metals & Mining,Adani Enterprises Ltd.,ADANIENT,4190.0,2973.1,2777.91,2640.61,4.15,-0.3,NSE_EQ|INE423A01024,2871.77,2026-05-28T20:58:09.896170+05:30,2982.0,,2846.0,1926.24,1949.13,-5.07,1910.0,0.0,0.0
Power,Adani Green Energy Ltd.,ADANIGREEN,3050.0,1489.9,1402.75,1347.66,3.25,1.2,NSE_EQ|INE364U01010,1433.96,2026-05-28T20:58:10.912437+05:30,1472.0,,1410.0,863.42,869.86,-2.79,863.0,841.0,-0.17
Services,Adani Ports and Special Economic Zone Ltd.,ADANIPORTS,1842.8,1824.5,1787.05,1742.94,0.34,0.79,NSE_EQ|INE742F01042,1805.3,2026-05-28T20:58:11.961415+05:30,1810.0,,1749.0,1383.99,1394.68,-0.43,1350.0,1462.0,-8.76
Power,Adani Power Ltd.,ADANIPOWER,252.65,248.91,230.34,222.53,4.2,0.53,NSE_EQ|INE814H01029,236.95,2026-05-28T20:58:13.013838+05:30,247.6,Expecting value: line 1 column 1 (char 0),234.25,147.85,147.09,-0.95,151.54,149.9,0.14
Oil Gas & Consumable Fuels,Adani Total Gas Ltd.,ATGL,4000.0,808.55,676.75,649.53,7.59,10.98,NSE_EQ|INE399L01023,713.07,2026-05-28T20:58:14.110400+05:30,719.8,Expecting value: line 1 column 1 (char 0),638.15,531.85,531.48,-4.91,547.5,0.0,0.0
Financial Services,Aditya Birla Capital Ltd.,ABCAPITAL,375.95,364.9,357.66,353.45,-0.36,0.51,NSE_EQ|INE674K01013,360.83,2026-05-28T20:58:15.187555+05:30,363.05,Expecting value: line 1 column 1 (char 0),351.0,313.15,316.17,-1.52,307.0,0.0,0.0
Consumer Services,Aditya Birla Fashion and Retail Ltd.,ABFRL,364.4,64.06,64.84,64.4,-4.98,-2.17,NSE_EQ|INE647O01011,65.06,2026-05-28T20:58:16.238655+05:30,65.45,Expecting value: line 1 column 1 (char 0),65.7,60.5,61.3,-1.84,59.2,59.28,-1.98
Consumer Services,Aditya Birla Lifestyle Brands Ltd.,ABLBL,175.0,102.0,102.93,103.56,-0.42,-0.23,NSE_EQ|INE14LE01019,102.31,2026-05-28T20:58:17.286343+05:30,102.23,Expecting value: line 1 column 1 (char 0),102.25,95.81,97.08,-0.62,92.6,100.0,-8.66
Forest Materials,Aditya Birla Real Estate Ltd.,ABREL,3140.0,1252.8,1286.93,1321.2,-1.68,-1.37,NSE_EQ|INE055A01016,1265.72,2026-05-28T20:58:18.347154+05:30,1270.0,Expecting value: line 1 column 1 (char 0),1257.0,1174.58,1191.06,-1.88,1155.0,1140.0,-0.56
Financial Services,Aditya Birla Sun Life AMC Ltd.,ABSLAMC,1123.5,1027.3,1023.46,1027.2,-1.17,2.27,NSE_EQ|INE404A01024,1018.48,2026-05-28T20:58:19.401526+05:30,1004.0,Expecting value: line 1 column 1 (char 0),0.0,914.13,910.33,-4.25,937.9,899.0,0.08
Oil Gas & Consumable Fuels,Aegis Logistics Ltd.,AEGISLOG,1037.0,714.0,710.0,701.77,-1.89,-0.27,NSE_EQ|INE208C01025,715.95,2026-05-28T20:53:20.995438+05:30,715.95,Expecting value: line 1 column 1 (char 0),709.0,620.53,627.7,-1.2,607.0,602.5,-0.45
Oil Gas & Consumable Fuels,Aegis Vopak Terminals Ltd.,AEGISVOPAK,302.0,206.45,204.52,201.99,1.12,-1.67,NSE_EQ|INE0INX01018,206.16,2026-05-28T20:53:22.048135+05:30,209.9,Expecting value: line 1 column 1 (char 0),206.0,187.54,190.86,0.66,176.5,0.0,0.0
Construction,Afcons Infrastructure Ltd.,AFCONS,570.0,318.05,315.93,319.25,5.16,-1.1,NSE_EQ|INE101I01011,313.95,2026-05-28T20:53:23.130465+05:30,321.55,Expecting value: line 1 column 1 (char 0),0.0,283.17,286.79,0.09,276.75,273.15,1.39
Information Technology,Affle 3i Ltd.,AFFLE,2185.9,1476.0,1470.32,1467.76,0.48,-1.36,NSE_EQ|INE00WC01027,1469.41,2026-05-28T20:53:24.192923+05:30,1496.0,Expecting value: line 1 column 1 (char 0),1446.3,1332.0,1350.16,2.15,1275.0,1275.0,2.15
Healthcare,Ajanta Pharmaceuticals Ltd.,AJANTPHARM,3485.0,3025.0,3102.91,3064.63,0.5,-2.48,NSE_EQ|INE031B01049,3087.94,2026-05-28T20:53:25.268095+05:30,3100.1,Expecting value: line 1 column 1 (char 0),0.0,2916.65,2918.79,-1.45,2904.7,2920.5,-2.0
Healthcare,Akums Drugs and Pharmaceuticals Ltd.,AKUMS,1175.9,535.25,527.5,528.2,1.99,0.04,NSE_EQ|INE09XN01023,528.19,2026-05-28T20:53:26.298303+05:30,535.05,Expecting value: line 1 column 1 (char 0),521.6,476.8,475.39,-1.09,482.9,468.0,2.03
Consumer Durables,Akzo Nobel India Ltd.,AKZOINDIA,4674.0,2905.0,2923.18,2934.53,-0.96,-0.17,NSE_EQ|INE133A01011,2913.85,2026-05-28T20:53:27.361337+05:30,2909.8,Expecting value: line 1 column 1 (char 0),0.0,2871.62,2878.54,0.44,2844.0,2748.0,3.8
Healthcare,Alembic Pharmaceuticals Ltd.,APLLTD,1303.9,754.2,758.45,758.15,-0.36,-1.29,NSE_EQ|INE901L01018,756.65,2026-05-28T20:53:28.418199+05:30,763.95,Expecting value: line 1 column 1 (char 0),0.0,687.35,694.39,0.85,666.3,700.0,-4.17
Healthcare,Alkem Laboratories Ltd.,ALKEM,6439.9,5451.5,5445.99,5456.89,-0.46,0.68,NSE_EQ|INE540L01014,5429.44,2026-05-28T20:53:29.481235+05:30,5414.5,Expecting value: line 1 column 1 (char 0),0.0,5350.98,5373.34,0.77,5260.0,5415.0,-2.15
Chemicals,Alkyl Amines Chemicals Ltd.,ALKYLAMINE,4749.0,1692.0,1714.52,1669.87,-0.86,-2.36,NSE_EQ|INE150B01039,1720.76,2026-05-28T20:53:30.524088+05:30,1732.0,Expecting value: line 1 column 1 (char 0),1727.0,1375.56,1384.83,8.81,1290.0,1278.4,9.63
Textiles,Alok Industries Ltd.,ALOKINDS,58.5,12.92,12.91,13.19,0.24,1.47,NSE_EQ|INE270A01029,12.74,2026-05-28T20:53:31.529791+05:30,12.73,Expecting value: line 1 column 1 (char 0),0.0,13.09,13.27,0.16,12.61,0.0,0.0
Automobile and Auto Components,Amara Raja Energy & Mobility Ltd.,ARE&M,1775.95,905.95,859.13,849.34,-0.42,2.2,NSE_EQ|INE885A01032,873.89,2026-05-28T20:53:32.558581+05:30,886.0,Expecting value: line 1 column 1 (char 0),0.0,764.47,773.92,-4.23,757.95,0.0,0.0
Consumer Durables,Amber Enterprises India Ltd.,AMBER,8974.0,7516.0,7563.78,7695.43,-1.83,2.34,NSE_EQ|INE371P01015,7443.91,2026-05-28T20:53:33.577905+05:30,7340.5,Expecting value: line 1 column 1 (char 0),0.0,6757.51,6816.37,-1.89,6574.0,6446.0,0.09
Construction Materials,Ambuja Cements Ltd.,AMBUJACEM,706.95,459.75,443.14,442.22,1.7,2.12,NSE_EQ|INE079A01024,447.48,2026-05-28T20:53:34.610094+05:30,450.0,Expecting value: line 1 column 1 (char 0),442.05,431.78,439.88,-2.27,416.8,0.0,0.0
Financial Services,Anand Rathi Wealth Ltd.,ANANDRATHI,3735.0,3566.7,3579.74,3566.87,-1.18,-0.93,NSE_EQ|INE463V01026,3580.55,2026-05-28T20:53:35.709157+05:30,3600.0,Expecting value: line 1 column 1 (char 0),3520.0,3015.25,3020.43,-0.65,2990.0,3037.0,-2.24
Realty,Anant Raj Ltd.,ANANTRAJ,947.9,508.3,503.43,503.24,-0.57,0.85,NSE_EQ|INE242C01024,504.43,2026-05-28T20:53:36.775735+05:30,504.0,Expecting value: line 1 column 1 (char 0),496.0,468.16,474.47,-1.27,455.0,447.9,0.31
Financial Services,Angel One Ltd.,ANGELONE,3896.0,2489.9,2541.19,2564.63,-1.24,0.64,NSE_EQ|INE732I01013,2502.85,2026-02-25T23:38:16.703272,2474.0,Expecting value: line 1 column 1 (char 0),0.0,,,,,,
Capital Goods,Apar Industries Ltd.,APARINDS,13580.0,13426.0,12721.45,12473.58,0.45,6.54,NSE_EQ|INE372A01015,12865.77,2026-05-28T20:53:38.752227+05:30,12548.0,Expecting value: line 1 column 1 (char 0),12726.0,9779.1,9762.22,2.17,9645.0,9645.0,2.17
Healthcare,Apollo Hospitals Enterprise Ltd.,APOLLOHOSP,8443.0,8272.5,8200.12,8067.13,-1.76,0.36,NSE_EQ|INE437A01024,8270.67,2026-05-28T20:53:39.820946+05:30,8243.0,Expecting value: line 1 column 1 (char 0),8198.5,7468.15,7472.89,1.69,7288.0,7288.0,1.69
Automobile and Auto Components,Apollo Tyres Ltd.,APOLLOTYRE,584.9,399.75,389.14,396.12,0.83,0.88,NSE_EQ|INE438A01022,389.68,2026-05-28T20:53:40.832230+05:30,396.25,Expecting value: line 1 column 1 (char 0),376.0,419.35,424.65,-3.29,418.0,401.45,0.8
Financial Services,Aptus Value Housing Finance India Ltd.,APTUS,401.65,262.7,263.25,261.47,-0.9,0.65,NSE_EQ|INE852O01025,262.26,2026-05-28T20:53:41.902831+05:30,261.0,Expecting value: line 1 column 1 (char 0),0.0,214.18,218.21,-2.3,204.91,0.0,0.0
Automobile and Auto Components,Asahi India Glass Ltd.,ASAHIINDIA,1074.0,918.55,861.33,850.16,4.1,2.49,NSE_EQ|INE439A01020,880.04,2026-05-28T20:53:42.977361+05:30,895.7,Expecting value: line 1 column 1 (char 0),855.05,832.16,841.86,0.73,807.1,800.0,1.6
Capital Goods,Ashok Leyland Ltd.,ASHOKLEY,215.42,163.62,159.22,160.52,-2.33,1.7,NSE_EQ|INE208A01029,160.53,2026-05-28T20:53:44.067323+05:30,160.84,Expecting value: line 1 column 1 (char 0),160.1,175.45,178.0,0.04,167.06,0.0,0.0
Consumer Durables,Asian Paints Ltd.,ASIANPAINT,3590.0,2671.9,2622.89,2576.62,-0.11,1.01,NSE_EQ|INE021A01026,2646.6,2026-05-28T20:53:45.138285+05:30,2644.8,Expecting value: line 1 column 1 (char 0),2606.1,2240.42,2259.06,1.68,2180.0,2180.0,1.68
Healthcare,Aster DM Healthcare Ltd.,ASTERDM,776.55,741.25,748.91,738.46,1.33,-2.27,NSE_EQ|INE914M01019,750.05,2026-05-28T20:53:46.206684+05:30,758.1,Expecting value: line 1 column 1 (char 0),747.5,638.98,638.04,1.35,625.3,625.3,1.35
Healthcare,AstraZenca Pharma India Ltd.,ASTRAZEN,10691.0,8648.0,8647.76,8556.59,2.41,-2.06,NSE_EQ|INE203A01020,8718.56,2026-05-28T20:53:47.291044+05:30,8826.0,Expecting value: line 1 column 1 (char 0),8746.5,8417.31,8452.34,-0.07,8300.0,8352.0,-0.69
Capital Goods,Astral Ltd.,ASTRAL,2454.0,1598.6,1545.12,1546.2,1.2,1.29,NSE_EQ|INE006I01046,1559.92,2026-05-28T20:53:48.345377+05:30,1577.9,Expecting value: line 1 column 1 (char 0),1559.9,1615.26,1612.94,0.49,1586.6,1605.3,-0.68
Automobile and Auto Components,Ather Energy Ltd.,ATHERENERG,989.4,955.5,925.76,915.72,2.65,0.01,NSE_EQ|INE0LEZ01016,933.0,2026-05-28T20:53:49.436823+05:30,955.4,Expecting value: line 1 column 1 (char 0),925.4,740.6,734.24,-4.23,789.0,0.0,0.0
Chemicals,Atul Ltd.,ATUL,10969.0,7002.5,7004.19,6937.81,-0.1,-0.22,NSE_EQ|INE100A01010,7016.85,2026-05-28T20:53:50.517435+05:30,7018.0,Expecting value: line 1 column 1 (char 0),0.0,6278.93,6300.47,-1.18,6192.0,6384.0,-4.31
Healthcare,Aurobindo Pharma Ltd.,AUROPHARMA,1592.0,1435.9,1474.76,1463.75,0.77,-1.89,NSE_EQ|INE406A01037,1463.86,2026-05-28T20:53:51.589383+05:30,1463.0,Expecting value: line 1 column 1 (char 0),1523.0,1269.39,1261.69,-0.78,1291.6,1186.2,7.44
Financial Services,Authum Investment & Infrastructure Ltd.,AIIL,683.0,497.0,500.42,493.91,-1.64,4.02,NSE_EQ|INE206F01022,501.16,2026-05-28T20:53:52.644374+05:30,477.0,Expecting value: line 1 column 1 (char 0),511.7,485.74,486.28,2.38,481.65,481.65,2.38
Consumer Services,Avenue Supermarts Ltd.,DMART,5900.0,4124.4,4185.93,4255.6,0.09,0.52,NSE_EQ|INE192R01011,4132.64,2026-05-28T20:53:53.709778+05:30,4103.0,Expecting value: line 1 column 1 (char 0),0.0,3792.8,3799.03,0.17,3750.0,3700.0,1.5
Financial Services,Axis Bank Ltd.,AXISBANK,1418.3,1304.1,1281.03,1280.23,-0.81,0.6,NSE_EQ|INE238A01034,1291.45,2026-05-28T20:53:54.756571+05:30,1296.3,Expecting value: line 1 column 1 (char 0),1254.1,1228.08,1239.17,0.98,1181.0,0.0,0.0
Chemicals,BASF India Ltd.,BASF,8750.0,3430.2,3597.68,3648.67,-0.68,-0.9,NSE_EQ|INE373A01013,3516.3,2026-05-28T20:53:55.774589+05:30,3461.2,Expecting value: line 1 column 1 (char 0),0.0,3383.22,3405.35,2.55,3245.0,3245.0,2.55
Capital Goods,BEML Ltd.,BEML,2744.0,1832.6,1832.65,1820.93,1.01,-0.13,NSE_EQ|INE258A01024,1832.74,2026-05-28T20:53:56.793362+05:30,1835.0,Expecting value: line 1 column 1 (char 0),1826.0,1524.35,1543.65,-3.67,1499.9,1600.0,-10.59
Consumer Services,BLS International Services Ltd.,BLS,521.8,264.85,267.04,270.01,-1.94,-0.62,NSE_EQ|INE153T01027,265.99,2026-05-28T20:53:57.833015+05:30,266.5,Expecting value: line 1 column 1 (char 0),0.0,255.01,256.69,7.48,240.0,272.2,-4.93
Financial Services,BSE Ltd.,BSE,4446.8,4248.4,4179.89,4005.1,2.35,-4.44,NSE_EQ|INE118H01025,4262.63,2026-05-28T20:53:58.847403+05:30,4437.0,Expecting value: line 1 column 1 (char 0),4300.0,2795.44,2792.66,1.28,2770.0,2770.0,1.28
Automobile and Auto Components,Bajaj Auto Ltd.,BAJAJ-AUTO,12774.0,10808.5,10517.25,10338.27,0.59,1.7,NSE_EQ|INE917I01010,10617.8,2026-05-28T20:53:59.904194+05:30,10625.0,Expecting value: line 1 column 1 (char 0),10544.5,9126.95,9187.71,-1.03,8989.5,8866.0,0.36
Financial Services,Bajaj Finance Ltd.,BAJFINANCE,1102.5,931.15,926.22,924.82,-1.48,-0.09,NSE_EQ|INE296A01032,928.19,2026-05-28T20:54:00.962776+05:30,932.0,Expecting value: line 1 column 1 (char 0),926.1,873.62,884.76,3.64,818.1,818.1,3.64
Financial Services,Bajaj Finserv Ltd.,BAJAJFINSV,2195.0,1809.1,1781.41,1778.19,-0.37,0.17,NSE_EQ|INE918I01026,1792.13,2026-05-28T20:54:02.048424+05:30,1806.0,Expecting value: line 1 column 1 (char 0),1785.0,1764.63,1787.34,0.27,1699.8,0.0,0.0
Financial Services,Bajaj Holdings & Investment Ltd.,BAJAJHLDNG,14763.0,10556.0,10493.55,10404.63,0.22,-1.41,NSE_EQ|INE118A01012,10559.65,2026-05-28T20:54:03.088448+05:30,10705.0,Expecting value: line 1 column 1 (char 0),10237.0,9713.16,9833.22,-1.38,9466.0,10400.0,-11.38
Financial Services,Bajaj Housing Finance Ltd.,BAJAJHFL,188.5,86.02,84.48,84.98,2.06,1.12,NSE_EQ|INE377Y01014,84.59,2026-05-28T20:54:04.125686+05:30,85.06,Expecting value: line 1 column 1 (char 0),83.3,81.62,82.4,-2.86,81.0,82.5,-4.76
Automobile and Auto Components,Balkrishna Industries Ltd.,BALKRISIND,3375.0,2210.0,2190.81,2192.16,-0.64,-0.32,NSE_EQ|INE787D01026,2200.73,2026-05-28T20:54:05.200191+05:30,2217.0,Expecting value: line 1 column 1 (char 0),2177.0,2162.95,2193.35,-1.57,2090.0,0.0,0.0
Fast Moving Consumer Goods,Balrampur Chini Mills Ltd.,BALRAMCHIN,691.8,530.2,533.58,529.54,-0.33,-0.3,NSE_EQ|INE119A01028,532.57,2026-05-28T20:54:06.249309+05:30,531.8,Expecting value: line 1 column 1 (char 0),0.0,478.31,476.37,-1.88,485.9,479.0,-0.43
Financial Services,Bandhan Bank Ltd.,BANDHANBNK,741.8,205.83,197.5,194.24,1.7,2.58,NSE_EQ|INE545U01014,199.58,2026-05-28T20:54:07.288901+05:30,200.51,Expecting value: line 1 column 1 (char 0),197.0,161.22,162.48,-4.34,156.5,176.94,-17.97
Financial Services,Bank of Baroda,BANKBARODA,325.5,270.95,267.17,267.28,-0.87,0.15,NSE_EQ|INE028A01039,268.87,2026-05-28T20:54:08.335287+05:30,270.55,Expecting value: line 1 column 1 (char 0),268.0,281.18,283.41,-1.74,275.2,310.95,-14.95
Financial Services,Bank of India,BANKINDIA,216.8,147.0,142.9,142.82,-0.7,1.03,NSE_EQ|INE084A01016,144.24,2026-05-28T20:54:09.377578+05:30,145.49,Expecting value: line 1 column 1 (char 0),141.6,151.95,153.21,-1.69,148.8,172.41,-17.82
Financial Services,Bank of Maharashtra,MAHABANK,85.9,80.08,79.84,79.07,-1.47,-0.12,NSE_EQ|INE457A01014,80.06,2026-05-28T20:54:10.440078+05:30,80.18,Expecting value: line 1 column 1 (char 0),0.0,65.58,65.84,-0.47,64.18,63.9,-0.03
Consumer Durables,Bata India Ltd.,BATAINDIA,2262.0,692.6,695.72,702.13,-0.47,-0.77,NSE_EQ|INE176A01028,693.66,2026-05-28T20:54:11.486626+05:30,697.9,Expecting value: line 1 column 1 (char 0),0.0,686.61,701.77,-3.12,660.0,0.0,0.0
Chemicals,Bayer Cropscience Ltd.,BAYERCROP,7196.85,4615.8,4450.05,4490.96,2.75,0.23,NSE_EQ|INE462A01022,4476.75,2026-05-28T20:54:12.517348+05:30,4605.0,Expecting value: line 1 column 1 (char 0),4377.0,4600.61,4602.98,-3.22,4688.0,0.0,0.0
Consumer Durables,Berger Paints India Ltd.,BERGEPAINT,727.45,526.95,510.59,500.55,1.39,2.38,NSE_EQ|INE463A01038,514.97,2026-05-28T20:54:13.554354+05:30,514.4,Expecting value: line 1 column 1 (char 0),508.4,422.33,426.73,0.7,410.9,405.0,2.13
Capital Goods,Bharat Dynamics Ltd.,BDL,2096.6,1282.2,1321.51,1335.6,0.29,-3.72,NSE_EQ|INE171Z01026,1308.94,2026-05-28T20:54:14.590065+05:30,1329.9,Expecting value: line 1 column 1 (char 0),0.0,1243.57,1255.62,-4.9,1231.6,0.0,0.0
Capital Goods,Bharat Electronics Ltd.,BEL,473.45,419.1,421.86,426.08,-0.81,-0.69,NSE_EQ|INE263A01024,419.88,2026-05-28T20:54:15.675583+05:30,422.0,Expecting value: line 1 column 1 (char 0),0.0,428.49,430.15,-1.48,420.6,0.0,0.0
Automobile and Auto Components,Bharat Forge Ltd.,BHARATFORG,2044.0,1938.6,1915.35,1903.31,0.2,-0.02,NSE_EQ|INE465A01025,1921.41,2026-05-28T20:54:16.705213+05:30,1938.9,Expecting value: line 1 column 1 (char 0),1845.0,1729.76,1728.59,0.51,1700.0,1675.1,1.97
Capital Goods,Bharat Heavy Electricals Ltd.,BHEL,424.7,422.35,409.2,392.04,-0.42,1.22,NSE_EQ|INE257A01026,415.99,2026-05-28T20:54:17.750505+05:30,417.2,Expecting value: line 1 column 1 (char 0),412.0,259.6,259.77,-0.77,260.2,257.05,0.45
Oil Gas & Consumable Fuels,Bharat Petroleum Corporation Ltd.,BPCL,391.65,307.15,299.54,299.25,-1.2,0.54,NSE_EQ|INE029A01011,302.61,2026-05-28T20:54:18.815048+05:30,305.5,Expecting value: line 1 column 1 (char 0),305.0,307.13,314.14,0.78,280.05,370.0,-31.09
Telecommunication,Bharti Airtel Ltd.,BHARTIARTL,2174.5,1852.2,1866.23,1859.46,-1.47,0.64,NSE_EQ|INE397D01024,1864.13,2026-05-28T20:54:19.862545+05:30,1840.4,Expecting value: line 1 column 1 (char 0),0.0,1837.89,1850.07,-1.38,1827.0,1798.0,0.23
Telecommunication,Bharti Hexacom Ltd.,BHARTIHEXA,2052.9,1534.0,1549.12,1541.55,0.26,-0.46,NSE_EQ|INE343G01021,1550.0,2026-05-28T20:54:20.924764+05:30,1541.0,Expecting value: line 1 column 1 (char 0),0.0,1576.52,1581.96,1.72,1553.0,1553.0,1.72
Fast Moving Consumer Goods,Bikaji Foods International Ltd.,BIKAJI,1007.95,640.0,653.46,657.83,-0.25,-0.23,NSE_EQ|INE00E101023,646.68,2026-05-28T20:54:22.001951+05:30,641.5,Expecting value: line 1 column 1 (char 0),0.0,620.15,622.66,-1.32,622.1,604.5,1.55
Healthcare,Biocon Ltd.,BIOCON,487.75,432.2,425.08,410.36,1.4,-0.91,NSE_EQ|INE376G01013,431.53,2026-05-28T20:54:23.068922+05:30,436.15,Expecting value: line 1 column 1 (char 0),430.05,377.6,378.43,-2.43,378.0,380.0,-2.97
Information Technology,Birlasoft Ltd.,BSOFT,861.85,328.1,327.84,336.73,-1.73,0.98,NSE_EQ|INE836A01035,326.2,2026-05-28T20:54:24.201695+05:30,324.9,Expecting value: line 1 column 1 (char 0),323.0,359.88,364.04,-2.61,355.55,382.9,-10.51
Services,Blue Dart Express Ltd.,BLUEDART,9640.0,4773.0,4933.68,5059.58,-0.53,-2.03,NSE_EQ|INE233B01017,4850.36,2026-05-28T20:54:25.254476+05:30,4870.0,Expecting value: line 1 column 1 (char 0),0.0,5164.29,5214.3,-2.63,5095.0,5323.0,-7.22
Healthcare,Blue Jet Healthcare Ltd.,BLUEJET,1027.8,470.25,460.64,451.32,3.91,-4.63,NSE_EQ|INE0KBH01020,469.21,2026-05-28T20:54:26.336657+05:30,492.0,Expecting value: line 1 column 1 (char 0),480.0,361.77,366.72,-2.8,358.0,0.0,0.0
Consumer Durables,Blue Star Ltd.,BLUESTARCO,2417.0,1657.1,1664.92,1691.73,-0.85,0.98,NSE_EQ|INE472A01039,1654.73,2026-05-28T20:54:27.392139+05:30,1640.9,Expecting value: line 1 column 1 (char 0),0.0,1758.72,1777.61,-1.37,1688.7,1862.8,-11.82
Fast Moving Consumer Goods,Bombay Burmah Trading Corporation Ltd.,BBTC,2975.0,1536.6,1528.9,1522.99,-1.09,0.67,NSE_EQ|INE050A01025,1533.67,2026-05-28T20:54:28.455633+05:30,1526.3,Expecting value: line 1 column 1 (char 0),0.0,1513.79,1538.55,-4.37,1479.3,0.0,0.0
Automobile and Auto Components,Bosch Ltd.,BOSCHLTD,41945.0,36035.0,36333.64,36407.78,-1.66,0.1,NSE_EQ|INE323A01026,36112.0,2026-05-28T20:54:29.518826+05:30,36000.0,Expecting value: line 1 column 1 (char 0),35425.0,31219.77,31664.68,-0.47,30220.0,35165.0,-16.9
Consumer Services,Brainbees Solutions Ltd.,FIRSTCRY,734.0,229.53,231.25,232.71,0.97,-6.74,NSE_EQ|INE02RE01045,231.72,2026-05-28T20:54:30.595590+05:30,245.0,Expecting value: line 1 column 1 (char 0),0.0,231.87,233.05,-8.65,245.0,213.0,5.54
Realty,Brigade Enterprises Ltd.,BRIGADE,1453.1,659.75,681.03,702.02,-0.41,-1.88,NSE_EQ|INE791I01019,668.82,2026-05-28T20:54:31.677169+05:30,672.15,Expecting value: line 1 column 1 (char 0),655.0,659.36,667.43,0.23,643.9,0.0,0.0
Fast Moving Consumer Goods,Britannia Industries Ltd.,BRITANNIA,6469.9,5335.5,5374.0,5448.44,-0.34,0.1,NSE_EQ|INE216A01030,5341.17,2026-05-28T20:54:32.713312+05:30,5330.0,Expecting value: line 1 column 1 (char 0),0.0,5684.05,5719.86,-1.39,5590.0,5866.0,-6.39
Information Technology,C.E. Info Systems Ltd.,MAPMYINDIA,2747.85,845.4,898.46,923.14,-2.98,-0.19,NSE_EQ|INE0BV301023,867.5,2026-05-28T20:54:33.830441+05:30,847.0,Expecting value: line 1 column 1 (char 0),0.0,936.83,963.31,-4.74,910.0,0.0,0.0
Fast Moving Consumer Goods,CCL Products (I) Ltd.,CCL,1217.5,1071.0,1085.11,1096.74,0.55,0.75,NSE_EQ|INE421D01022,1073.33,2026-05-28T20:54:34.927003+05:30,1063.0,Expecting value: line 1 column 1 (char 0),0.0,1057.58,1049.9,-0.13,1082.2,985.0,8.86
Power,CESC Ltd.,CESC,212.49,185.87,182.37,181.04,-1.72,1.28,NSE_EQ|INE486A01021,183.2,2026-05-28T20:54:35.979489+05:30,183.49,Expecting value: line 1 column 1 (char 0),180.0,153.14,153.48,-1.0,151.8,146.92,2.24
Capital Goods,CG Power and Industrial Solutions Ltd.,CGPOWER,938.0,934.8,869.26,846.92,1.28,5.59,NSE_EQ|INE067A01029,888.13,2026-05-28T20:54:37.007916+05:30,882.55,Expecting value: line 1 column 1 (char 0),867.9,684.42,685.0,-1.18,675.15,688.95,-3.24
Financial Services,CRISIL Ltd.,CRISIL,6950.0,3987.3,4076.94,4108.7,-0.68,-0.69,NSE_EQ|INE007A01025,4041.91,2026-05-28T20:54:38.070023+05:30,4015.0,Expecting value: line 1 column 1 (char 0),4116.0,4097.68,4141.09,-0.55,3984.1,0.0,0.0
Consumer Durables,Campus Activewear Ltd.,CAMPUS,639.3,253.8,242.43,242.25,4.03,1.1,NSE_EQ|INE278Y01022,245.13,2026-05-28T20:54:39.113167+05:30,251.0,Expecting value: line 1 column 1 (char 0),240.4,231.97,235.08,0.23,221.0,240.4,-8.53
Financial Services,Can Fin Homes Ltd.,CANFINHOME,971.5,832.95,843.61,850.63,0.07,-0.73,NSE_EQ|INE477A01020,839.19,2026-05-28T20:54:40.189818+05:30,839.05,Expecting value: line 1 column 1 (char 0),0.0,832.94,836.82,2.76,810.0,810.0,2.76
Financial Services,Canara Bank,CANBK,162.89,134.16,131.16,132.06,-0.88,0.51,NSE_EQ|INE476A01022,132.02,2026-05-28T20:54:41.250391+05:30,133.48,Expecting value: line 1 column 1 (char 0),130.8,137.75,139.02,-0.64,134.0,134.5,-1.01
Healthcare,Caplin Point Laboratories Ltd.,CAPLIPOINT,2641.0,2025.0,2001.89,1934.94,-3.1,-0.85,NSE_EQ|INE475E01026,2031.14,2026-05-28T20:54:42.288980+05:30,2042.3,Expecting value: line 1 column 1 (char 0),0.0,1626.5,1639.12,-0.86,1600.0,0.0,0.0
Financial Services,Capri Global Capital Ltd.,CGCL,289.25,189.9,188.59,187.69,0.78,-0.47,NSE_EQ|INE180C01042,189.22,2026-05-28T20:54:43.333546+05:30,190.79,Expecting value: line 1 column 1 (char 0),185.37,168.83,168.86,1.62,166.71,166.71,1.62
Capital Goods,Carborundum Universal Ltd.,CARBORUNIV,1841.15,1038.85,1048.58,1024.83,-1.21,1.79,NSE_EQ|INE120A01034,1049.53,2026-05-28T20:54:44.355828+05:30,1020.25,Expecting value: line 1 column 1 (char 0),0.0,768.65,773.54,0.15,754.3,780.0,-3.26
Oil Gas & Consumable Fuels,Castrol India Ltd.,CASTROLIND,284.4,185.37,183.27,183.04,0.74,0.5,NSE_EQ|INE172A01027,183.76,2026-05-28T20:54:45.366898+05:30,184.45,Expecting value: line 1 column 1 (char 0),0.0,181.59,182.41,-5.02,182.5,0.0,0.0
Automobile and Auto Components,Ceat Ltd.,CEATLTD,4438.0,3295.3,3263.44,3303.08,-0.97,-0.48,NSE_EQ|INE482A01020,3275.01,2026-05-28T20:54:46.433353+05:30,3311.0,Expecting value: line 1 column 1 (char 0),3200.0,3510.25,3530.85,-0.76,3477.9,3471.9,-0.59
Financial Services,Central Bank of India,CENTRALBK,123.25,30.84,32.6,33.68,-0.87,-0.71,NSE_EQ|INE483A01010,31.62,2026-05-28T20:54:47.468134+05:30,31.06,Expecting value: line 1 column 1 (char 0),0.0,34.73,35.1,-1.63,33.6,38.85,-17.51
Financial Services,Central Depository Services (India) Ltd.,CDSL,1989.8,1243.8,1220.98,1231.15,0.84,1.09,NSE_EQ|INE736A01011,1224.56,2026-05-28T20:54:48.515435+05:30,1230.2,Expecting value: line 1 column 1 (char 0),1200.0,1204.4,1214.58,0.84,1175.6,1178.0,0.63
Consumer Durables,Century Plyboards (India) Ltd.,CENTURYPLY,935.0,767.5,770.93,771.22,-1.59,-1.6,NSE_EQ|INE348B01021,769.47,2026-05-28T20:54:49.557923+05:30,779.75,Expecting value: line 1 column 1 (char 0),0.0,681.66,687.99,5.72,641.1,0.0,0.0
Consumer Durables,Cera Sanitaryware Ltd,CERA,10789.95,5797.5,5727.67,5632.44,0.39,0.82,NSE_EQ|INE739E01017,5755.22,2026-05-28T20:54:50.599325+05:30,5750.0,Expecting value: line 1 column 1 (char 0),0.0,4732.81,4756.92,0.02,4700.0,4524.0,3.76
Consumer Services,Chalet Hotels Ltd.,CHALET,1082.0,799.9,790.86,784.76,-0.79,1.4,NSE_EQ|INE427F01016,794.9,2026-05-28T20:54:51.582562+05:30,788.7,Expecting value: line 1 column 1 (char 0),0.0,742.31,751.55,1.04,713.5,713.5,1.04
Chemicals,Chambal Fertilizers & Chemicals Ltd.,CHAMBLFERT,742.2,478.15,459.59,453.66,2.6,-0.39,NSE_EQ|INE085A01013,467.41,2026-05-28T20:54:52.590282+05:30,480.0,Expecting value: line 1 column 1 (char 0),465.5,426.43,428.3,-1.37,426.0,413.8,1.53
Oil Gas & Consumable Fuels,Chennai Petroleum Corporation Ltd.,CHENNPETRO,1275.0,1053.1,1026.65,1029.08,-1.2,2.67,NSE_EQ|INE178A01016,1029.93,2026-05-28T20:54:53.656334+05:30,1025.0,Expecting value: line 1 column 1 (char 0),982.4,991.96,983.13,-6.62,1064.0,0.0,0.0
Financial Services,Choice International Ltd.,CHOICEIN,860.5,685.75,677.95,677.08,-0.86,-0.43,NSE_EQ|INE102B01014,682.12,2026-05-28T20:54:54.689258+05:30,688.7,Expecting value: line 1 column 1 (char 0),665.25,645.28,656.68,2.49,604.9,604.9,2.49
Financial Services,Cholamandalam Financial Holdings Ltd.,CHOLAHLDNG,2231.6,1636.0,1643.5,1642.42,1.65,-1.77,NSE_EQ|INE149A01033,1635.51,2026-05-28T20:54:55.753177+05:30,1664.9,Expecting value: line 1 column 1 (char 0),1625.0,1465.79,1490.55,-2.35,1407.0,1570.9,-14.27
Financial Services,Cholamandalam Investment and Finance Company Ltd.,CHOLAFIN,1831.5,1579.2,1561.38,1564.82,-1.99,0.71,NSE_EQ|INE121A01024,1563.75,2026-05-28T20:54:56.833603+05:30,1568.0,Expecting value: line 1 column 1 (char 0),1566.0,1496.08,1516.78,-0.13,1429.7,1677.5,-17.48
Healthcare,Cipla Ltd.,CIPLA,1702.05,1418.2,1400.74,1373.34,0.25,0.04,NSE_EQ|INE059A01026,1412.21,2026-05-28T20:54:57.882110+05:30,1417.6,Expecting value: line 1 column 1 (char 0),0.0,1267.14,1277.56,-2.67,1252.0,0.0,0.0
Financial Services,City Union Bank Ltd.,CUB,324.1,253.85,252.44,254.5,0.85,-0.49,NSE_EQ|INE491A01021,252.22,2026-05-28T20:54:58.919206+05:30,255.1,Expecting value: line 1 column 1 (char 0),0.0,244.64,248.03,-1.87,239.95,230.0,2.36
Chemicals,Clean Science and Technology Ltd.,CLEAN,2705.0,756.55,766.35,777.31,0.21,1.26,NSE_EQ|INE227W01023,755.11,2026-05-28T20:54:59.974691+05:30,747.0,Expecting value: line 1 column 1 (char 0),0.0,711.74,717.76,1.78,689.0,689.0,1.78
Oil Gas & Consumable Fuels,Coal India Ltd.,COALINDIA,543.55,463.05,459.99,459.71,0.03,7.35,NSE_EQ|INE522F01014,459.92,2026-05-28T20:55:01.032429+05:30,429.0,Expecting value: line 1 column 1 (char 0),0.0,449.51,447.73,-5.41,466.0,426.0,3.64
Capital Goods,Cochin Shipyard Ltd.,COCHINSHIP,2979.45,1523.9,1551.62,1574.79,0.09,-0.2,NSE_EQ|INE704P01025,1529.32,2026-05-28T20:55:02.063207+05:30,1527.0,Expecting value: line 1 column 1 (char 0),1486.1,1366.93,1383.17,-1.98,1330.9,1435.0,-9.95
Information Technology,Coforge Ltd.,COFORGE,2005.5,1388.4,1372.9,1335.21,1.6,-2.64,NSE_EQ|INE591G01025,1393.36,2026-05-28T20:55:03.147543+05:30,1425.0,Expecting value: line 1 column 1 (char 0),1400.0,1136.88,1161.01,2.98,1077.0,1077.0,2.98
Healthcare,Cohance Lifesciences Ltd.,COHANCE,1360.0,428.75,433.04,430.57,-0.25,-1.43,NSE_EQ|INE03QK01018,429.85,2026-05-28T20:55:04.206053+05:30,434.9,Expecting value: line 1 column 1 (char 0),422.0,299.33,303.07,0.76,294.05,0.0,0.0
Fast Moving Consumer Goods,Colgate Palmolive (India) Ltd.,COLPAL,3890.0,2087.4,2126.78,2125.0,-1.1,0.34,NSE_EQ|INE259A01022,2109.44,2026-05-28T20:55:05.257288+05:30,2080.3,Expecting value: line 1 column 1 (char 0),0.0,1962.6,1986.09,-0.89,1894.0,2197.9,-17.08
Financial Services,Computer Age Management Services Ltd.,CAMS,1073.5,787.0,777.26,772.99,0.45,1.78,NSE_EQ|INE596I01020,776.57,2026-05-28T20:55:06.328228+05:30,773.0,Expecting value: line 1 column 1 (char 0),771.4,648.92,653.8,0.41,636.0,633.5,0.81
Healthcare,Concord Biotech Ltd.,CONCORDBIO,2664.0,1099.6,1130.59,1129.06,0.68,-3.23,NSE_EQ|INE338H01029,1124.23,2026-05-28T20:55:07.379893+05:30,1135.1,Expecting value: line 1 column 1 (char 0),1129.0,1106.87,1121.01,-5.28,1092.3,0.0,0.0
Services,Container Corporation of India Ltd.,CONCOR,944.0,472.3,498.59,503.07,-3.13,-1.74,NSE_EQ|INE111A01025,489.38,2026-05-28T20:55:08.440952+05:30,480.5,Expecting value: line 1 column 1 (char 0),0.0,454.5,459.24,-0.9,442.95,0.0,0.0
Chemicals,Coromandel International Ltd.,COROMANDEL,2718.9,1831.7,1859.49,1895.57,0.25,-0.99,NSE_EQ|INE169A01031,1843.67,2026-05-28T20:55:09.526798+05:30,1849.9,Expecting value: line 1 column 1 (char 0),0.0,1989.52,2013.25,2.02,1901.0,1901.0,2.02
Automobile and Auto Components,Craftsman Automation Ltd.,CRAFTSMAN,9738.0,8725.0,8595.17,8395.0,0.01,0.74,NSE_EQ|INE00LO01017,8667.77,2026-05-28T20:55:10.563754+05:30,8660.0,Expecting value: line 1 column 1 (char 0),8543.0,6998.52,7059.76,0.31,6822.0,6612.5,3.37
Financial Services,CreditAccess Grameen Ltd.,CREDITACC,1796.0,1288.4,1308.68,1316.07,-0.88,-0.13,NSE_EQ|INE741K01010,1295.32,2026-05-28T20:55:11.571452+05:30,1290.1,Expecting value: line 1 column 1 (char 0),1288.0,1174.67,1184.61,-0.8,1159.6,0.0,0.0
Consumer Durables,Crompton Greaves Consumer Electricals Ltd.,CROMPTON,512.8,288.25,290.17,284.78,-1.54,0.05,NSE_EQ|INE299U01018,290.57,2026-05-28T20:55:12.641301+05:30,288.1,Expecting value: line 1 column 1 (char 0),0.0,243.58,244.73,-1.79,241.8,239.15,-0.67
Capital Goods,Cummins India Ltd.,CUMMINSIND,6099.0,6027.5,5475.32,5362.03,1.08,10.18,NSE_EQ|INE298A01020,5595.96,2026-05-28T20:55:13.720453+05:30,5414.0,,5360.0,4640.6,4633.03,0.84,4581.0,4797.9,-3.86
Information Technology,Cyient Ltd.,CYIENT,2458.95,917.5,906.61,900.25,0.49,-0.88,NSE_EQ|INE136B01020,913.76,2026-05-28T20:55:14.770965+05:30,925.55,Expecting value: line 1 column 1 (char 0),0.0,847.0,863.83,-2.7,820.0,0.0,0.0
Diversified,DCM Shriram Ltd.,DCMSHRIRAM,1502.3,1079.3,1112.55,1137.31,-0.22,-0.99,NSE_EQ|INE499A01024,1093.13,2026-05-28T20:55:15.832837+05:30,1090.0,Expecting value: line 1 column 1 (char 0),0.0,1052.55,1054.82,3.96,1031.5,1031.5,3.96
Realty,DLF Ltd.,DLF,967.6,593.9,587.59,586.42,-0.4,0.65,NSE_EQ|INE271C01023,589.7,2026-05-28T20:55:16.887583+05:30,590.05,Expecting value: line 1 column 1 (char 0),570.15,546.8,554.79,-2.5,534.0,0.0,0.0
Fast Moving Consumer Goods,DOMS Industries Ltd.,DOMS,3115.0,2212.5,2238.89,2266.27,0.17,0.47,NSE_EQ|INE321T01012,2219.05,2026-05-28T20:55:17.946668+05:30,2202.0,Expecting value: line 1 column 1 (char 0),0.0,2252.26,2255.4,3.34,2221.6,2221.6,3.34
Fast Moving Consumer Goods,Dabur India Ltd.,DABUR,672.0,445.45,451.93,453.79,0.09,1.06,NSE_EQ|INE016A01026,448.36,2026-05-28T20:55:18.995114+05:30,440.75,Expecting value: line 1 column 1 (char 0),0.0,445.14,451.98,-1.79,428.95,509.0,-20.79
Construction Materials,Dalmia Bharat Ltd.,DALBHARAT,2548.4,1794.0,1784.92,1812.85,-2.07,0.47,NSE_EQ|INE00R701025,1785.04,2026-05-28T20:55:20.069393+05:30,1785.6,Expecting value: line 1 column 1 (char 0),1796.7,1852.93,1872.72,-1.75,1821.3,0.0,0.0
Capital Goods,Data Patterns (India) Ltd.,DATAPATTNS,4303.0,4139.2,4010.88,3957.11,0.24,0.61,NSE_EQ|INE0IX101010,4054.09,2026-05-28T20:55:21.123196+05:30,4114.0,Expecting value: line 1 column 1 (char 0),4020.0,3217.75,3191.47,0.98,3206.3,0.0,0.0
Chemicals,Deepak Fertilisers & Petrochemicals Corp. Ltd.,DEEPAKFERT,1778.6,1448.3,1390.26,1333.76,-0.95,-0.46,NSE_EQ|INE501A01019,1429.1,2026-05-28T20:55:22.194129+05:30,1455.0,Expecting value: line 1 column 1 (char 0),1323.1,937.49,947.39,1.96,903.0,903.0,1.96
Chemicals,Deepak Nitrite Ltd.,DEEPAKNTR,3169.0,1720.0,1763.64,1752.53,-1.67,-0.99,NSE_EQ|INE288B01029,1743.91,2026-05-28T20:55:23.252749+05:30,1737.0,Expecting value: line 1 column 1 (char 0),1796.5,1409.79,1430.91,-4.43,1380.0,0.0,0.0
Services,Delhivery Ltd.,DELHIVERY,708.0,459.75,459.75,460.67,1.19,-0.84,NSE_EQ|INE148O01028,458.54,2026-05-28T20:55:24.322118+05:30,463.6,Expecting value: line 1 column 1 (char 0),458.0,419.17,419.43,0.04,418.75,402.4,3.94
Consumer Services,Devyani International Ltd.,DEVYANI,227.5,116.7,116.37,115.91,0.28,0.86,NSE_EQ|INE872J01023,116.23,2026-05-28T20:55:25.357898+05:30,115.7,Expecting value: line 1 column 1 (char 0),0.0,108.82,110.85,-0.8,103.0,0.0,0.0
Healthcare,Divi's Laboratories Ltd.,DIVISLAB,7071.5,6797.5,6795.44,6711.93,-0.03,0.18,NSE_EQ|INE361B01024,6801.72,2026-05-28T20:55:26.416956+05:30,6785.0,Expecting value: line 1 column 1 (char 0),0.0,6109.51,6126.89,-0.17,6036.5,6010.0,0.27
Consumer Durables,Dixon Technologies (India) Ltd.,DIXON,19148.9,11756.0,11415.93,11231.72,-1.07,0.69,NSE_EQ|INE935N01020,11606.69,2026-05-28T20:55:27.474760+05:30,11675.0,Expecting value: line 1 column 1 (char 0),11285.0,10320.17,10379.74,-0.26,10200.0,10202.0,-0.28
Healthcare,Dr. Agarwal's Health Care Ltd.,AGARWALEYE,568.0,479.5,469.62,461.56,-0.02,0.1,NSE_EQ|INE943P01029,476.24,2026-05-28T20:55:28.543982+05:30,479.0,Expecting value: line 1 column 1 (char 0),461.0,427.23,430.29,0.12,416.5,0.0,0.0
Healthcare,Dr. Lal Path Labs Ltd.,LALPATHLAB,2122.8,1625.3,1623.22,1588.07,0.19,1.67,NSE_EQ|INE600L01024,1626.61,2026-05-28T20:55:29.608004+05:30,1598.2,Expecting value: line 1 column 1 (char 0),0.0,1333.17,1340.87,1.21,1295.1,1295.1,1.21
Healthcare,Dr. Reddy's Laboratories Ltd.,DRREDDY,1421.5,1319.0,1317.9,1307.94,-0.38,-0.8,NSE_EQ|INE089A01031,1321.86,2026-05-28T20:55:30.633574+05:30,1329.6,Expecting value: line 1 column 1 (char 0),0.0,1278.64,1278.2,-2.65,1293.0,1252.6,0.56
Fast Moving Consumer Goods,E.I.D. Parry (India) Ltd.,EIDPARRY,1246.8,743.4,782.27,799.74,-3.71,-2.85,NSE_EQ|INE126A01031,768.41,2026-05-28T20:55:31.698467+05:30,764.6,,790.0,805.99,813.64,0.5,789.05,0.0,0.0
Consumer Services,EIH Ltd.,EIHOTEL,502.2,313.2,319.92,321.14,-0.36,-1.53,NSE_EQ|INE230A01023,318.07,2026-05-28T20:55:32.719129+05:30,318.0,Expecting value: line 1 column 1 (char 0),0.0,310.94,313.24,-0.66,303.0,0.0,0.0
Automobile and Auto Components,Eicher Motors Ltd.,EICHERMOT,8230.0,7419.0,7176.39,7140.47,-0.53,0.59,NSE_EQ|INE066A01021,7266.68,2026-05-28T20:55:33.743052+05:30,7375.0,Expecting value: line 1 column 1 (char 0),7237.0,7047.49,7105.99,1.18,6790.0,6790.0,1.18
Capital Goods,Elecon Engineering Co. Ltd.,ELECON,739.1,532.7,518.56,507.62,-4.16,1.42,NSE_EQ|INE205B01031,525.87,2026-05-28T20:55:34.803839+05:30,525.15,Expecting value: line 1 column 1 (char 0),538.0,392.15,395.01,-1.12,388.85,380.0,1.18
Capital Goods,Elgi Equipments Ltd.,ELGIEQUIP,798.95,577.9,558.39,550.1,-0.8,1.64,NSE_EQ|INE285A01027,566.23,2026-05-28T20:55:35.868340+05:30,568.4,Expecting value: line 1 column 1 (char 0),0.0,486.66,488.08,0.58,478.15,469.95,2.29
Fast Moving Consumer Goods,Emami Ltd.,EMAMILTD,860.0,400.45,415.3,424.86,-0.48,-0.89,NSE_EQ|INE548C01032,406.92,2026-05-28T20:55:36.928951+05:30,404.0,Expecting value: line 1 column 1 (char 0),0.0,419.27,425.79,0.2,401.9,450.0,-11.75
Healthcare,Emcure Pharmaceuticals Ltd.,EMCURE,1830.0,1725.3,1711.48,1691.89,-2.74,0.31,NSE_EQ|INE168P01015,1719.25,2026-05-28T20:55:37.964759+05:30,1720.0,Expecting value: line 1 column 1 (char 0),1713.6,1490.22,1485.12,4.64,1468.2,1468.2,4.64
Automobile and Auto Components,Endurance Technologies Ltd.,ENDURANCE,3079.9,2749.8,2659.29,2580.77,-2.5,0.43,NSE_EQ|INE913H01037,2716.01,2026-05-28T20:55:39.028737+05:30,2738.0,Expecting value: line 1 column 1 (char 0),2756.0,2331.26,2352.6,-0.74,2257.1,0.0,0.0
Construction,Engineers India Ltd.,ENGINERSIN,303.9,234.4,235.64,238.11,-0.11,1.02,NSE_EQ|INE510A01028,232.26,2026-05-28T20:55:40.084832+05:30,232.0,Expecting value: line 1 column 1 (char 0),219.2,192.69,193.58,-0.35,188.0,216.9,-15.78
Healthcare,Eris Lifesciences Ltd.,ERIS,1910.0,1350.8,1363.47,1364.49,0.48,-0.84,NSE_EQ|INE406M01024,1359.81,2026-05-28T20:55:41.135704+05:30,1362.2,Expecting value: line 1 column 1 (char 0),0.0,1307.97,1317.22,-0.67,1291.7,1341.1,-4.52
Capital Goods,Escorts Kubota Ltd.,ESCORTS,4420.0,2880.4,2954.19,3016.97,-1.51,-2.07,NSE_EQ|INE042A01014,2922.7,2026-05-28T20:55:42.143949+05:30,2940.0,Expecting value: line 1 column 1 (char 0),2941.9,3085.87,3134.43,-4.25,3023.0,3445.0,-18.8
Consumer Services,Eternal Ltd.,ETERNAL,368.45,256.51,247.77,247.39,1.07,2.11,NSE_EQ|INE758T01015,249.76,2026-05-28T20:55:43.210455+05:30,251.09,Expecting value: line 1 column 1 (char 0),247.5,236.31,238.51,4.22,227.9,227.9,4.22
Automobile and Auto Components,Exide Industries Ltd.,EXIDEIND,620.35,394.15,357.24,351.5,5.19,7.4,NSE_EQ|INE302A01020,365.42,2026-05-28T20:55:44.235679+05:30,365.0,Expecting value: line 1 column 1 (char 0),342.2,305.43,308.14,0.1,298.2,296.6,0.64
Consumer Services,FSN E-Commerce Ventures Ltd.,NYKAA,428.95,263.15,269.5,268.5,-1.56,-1.03,NSE_EQ|INE388Y01029,268.17,2026-05-28T20:55:45.292691+05:30,265.85,Expecting value: line 1 column 1 (char 0),269.1,244.36,246.0,2.1,235.0,235.0,2.1
Financial Services,Federal Bank Ltd.,FEDERALBNK,302.0,288.9,287.77,287.48,-0.62,-0.21,NSE_EQ|INE171A01029,288.41,2026-05-28T20:55:46.338472+05:30,289.5,Expecting value: line 1 column 1 (char 0),284.15,269.61,271.43,-0.19,263.0,262.0,0.19
Chemicals,Fertilisers and Chemicals Travancore Ltd.,FACT,1187.0,923.4,890.17,885.19,2.37,1.39,NSE_EQ|INE188A01015,898.23,2026-05-28T20:55:47.422269+05:30,910.6,Expecting value: line 1 column 1 (char 0),882.0,788.94,787.44,1.41,783.0,783.0,1.41
Capital Goods,Finolex Cables Ltd.,FINCABLES,1700.0,1177.25,1079.32,1051.71,0.68,6.97,NSE_EQ|INE235A01022,1100.97,2026-05-28T20:55:48.486452+05:30,1095.15,Expecting value: line 1 column 1 (char 0),1048.0,852.04,852.16,-6.38,867.3,851.0,-4.39
Capital Goods,Finolex Industries Ltd.,FINPIPE,355.9,191.93,175.7,173.61,0.9,1.74,NSE_EQ|INE183A01024,179.83,2026-05-28T20:55:49.571807+05:30,188.6,Expecting value: line 1 column 1 (char 0),173.6,172.73,174.35,-6.77,171.3,181.0,-12.81
Services,Firstsource Solutions Ltd.,FSL,422.3,264.97,259.4,249.63,-1.21,-3.97,NSE_EQ|INE684F01012,266.76,2026-05-28T20:55:50.649786+05:30,275.5,Expecting value: line 1 column 1 (char 0),272.0,221.84,225.61,0.49,215.0,0.0,0.0
Financial Services,Five-Star Business Finance Ltd.,FIVESTAR,943.75,455.25,455.42,457.7,-0.21,0.02,NSE_EQ|INE128S01021,453.51,2026-05-28T20:55:51.690505+05:30,455.15,Expecting value: line 1 column 1 (char 0),448.9,372.81,379.93,4.27,349.0,349.0,4.27
Automobile and Auto Components,Force Motors Ltd.,FORCEMOT,26450.0,19864.0,19841.17,20059.16,-1.92,0.16,NSE_EQ|INE451A01017,19829.75,2026-05-28T20:55:52.736261+05:30,19833.0,Expecting value: line 1 column 1 (char 0),19475.0,21564.33,21606.86,1.33,21200.0,21200.0,1.33
Healthcare,Fortis Healthcare Ltd.,FORTIS,1104.3,960.9,963.11,952.31,-0.77,-0.05,NSE_EQ|INE061F01013,964.59,2026-05-28T20:55:53.800525+05:30,961.4,Expecting value: line 1 column 1 (char 0),960.55,838.54,845.53,-0.17,812.75,921.0,-13.51
Oil Gas & Consumable Fuels,GAIL (India) Ltd.,GAIL,246.3,169.0,163.7,162.34,-0.1,1.06,NSE_EQ|INE129A01019,165.59,2026-05-28T20:55:54.840619+05:30,167.21,Expecting value: line 1 column 1 (char 0),162.92,145.71,147.81,-2.59,141.23,0.0,0.0
Capital Goods,GE Vernova T&D India Ltd.,GVT&D,5183.5,5097.7,4738.08,4590.72,1.06,4.49,NSE_EQ|INE200A01026,4869.6,2026-05-28T20:55:55.892567+05:30,4869.0,Expecting value: line 1 column 1 (char 0),4796.9,3613.63,3609.51,-3.64,3649.0,3575.0,-1.54
Services,GMR Airports Ltd.,GMRAIRPORT,110.36,97.84,96.55,96.47,-1.01,1.61,NSE_EQ|INE776C01039,96.74,2026-05-28T20:55:56.959945+05:30,96.26,Expecting value: line 1 column 1 (char 0),95.0,91.16,91.79,-1.27,90.15,0.0,0.0
Capital Goods,Garden Reach Shipbuilders & Engineers Ltd.,GRSE,3538.4,2651.5,2696.97,2723.18,-0.5,-0.41,NSE_EQ|INE382Z01011,2668.16,2026-05-28T20:55:57.979675+05:30,2662.5,Expecting value: line 1 column 1 (char 0),0.0,2276.16,2298.19,-4.36,2249.0,0.0,0.0
Financial Services,General Insurance Corporation of India,GICRE,525.5,390.6,389.65,390.24,0.29,-1.38,NSE_EQ|INE481Y01014,389.96,2026-05-28T20:55:59.011351+05:30,396.0,Expecting value: line 1 column 1 (char 0),382.95,364.97,366.32,-3.2,368.75,359.7,-0.67
Fast Moving Consumer Goods,Gillette India Ltd.,GILLETTE,11500.0,8273.5,7892.28,7882.01,0.53,3.68,NSE_EQ|INE322A01010,7960.62,2026-05-28T20:56:00.065056+05:30,7969.0,Expecting value: line 1 column 1 (char 0),7658.0,7951.07,7998.64,-2.26,7900.0,0.0,0.0
Healthcare,Gland Pharma Ltd.,GLAND,4350.0,2313.0,2209.76,2080.15,-1.38,-0.48,NSE_EQ|INE068V01023,2292.13,2026-05-28T20:56:01.093982+05:30,2324.1,Expecting value: line 1 column 1 (char 0),2230.0,1671.47,1680.24,2.58,1627.1,1627.1,2.58
Healthcare,Glaxosmithkline Pharmaceuticals Ltd.,GLAXO,3515.7,2296.2,2336.65,2365.84,-0.78,0.05,NSE_EQ|INE159A01016,2308.4,2026-05-28T20:56:02.141956+05:30,2295.0,Expecting value: line 1 column 1 (char 0),0.0,2392.98,2408.58,-1.92,2353.4,0.0,0.0
Healthcare,Glenmark Pharmaceuticals Ltd.,GLENMARK,2474.0,2383.4,2349.72,2336.11,1.42,2.58,NSE_EQ|INE935A01035,2355.04,2026-05-28T20:56:03.169324+05:30,2322.0,Expecting value: line 1 column 1 (char 0),2318.0,2124.0,2118.06,-3.55,2170.0,2100.0,-0.21
Healthcare,Global Health Ltd.,MEDANTA,1513.9,1212.0,1225.71,1203.34,-2.27,-2.15,NSE_EQ|INE474Q01031,1228.45,2026-05-28T20:57:53.446210+05:30,1238.0,,0.0,1028.17,1040.62,-2.46,997.8,0.0,0.0
Financial Services,Go Digit General Insurance Ltd.,GODIGIT,407.4,304.4,308.14,310.42,-1.08,-0.39,NSE_EQ|INE03JT01014,306.66,2026-05-28T20:57:54.497784+05:30,305.6,,0.0,326.11,326.86,0.0,320.0,322.0,-0.62
Capital Goods,Godawari Power & Ispat Ltd.,GPIL,320.0,281.8,289.32,290.91,-0.14,-1.67,NSE_EQ|INE177H01039,286.74,2026-05-28T20:57:55.558879+05:30,286.5,,299.95,259.75,259.08,2.16,257.7,257.7,2.16
Fast Moving Consumer Goods,Godfrey Phillips India Ltd.,GODFRYPHLP,3947.0,2310.9,2321.97,2298.42,-0.72,0.23,NSE_EQ|INE260B01028,2314.55,2026-05-28T20:57:56.601205+05:30,2305.5,,0.0,1990.68,2013.34,-4.51,1983.0,1990.1,-4.88
Fast Moving Consumer Goods,Godrej Agrovet Ltd.,GODREJAGRO,876.7,588.15,579.48,580.57,1.59,0.54,NSE_EQ|INE850D01014,581.77,2026-05-28T20:57:57.659461+05:30,585.0,,575.0,577.72,580.44,-5.62,588.5,571.75,-2.61
Fast Moving Consumer Goods,Godrej Consumer Products Ltd.,GODREJCP,1541.85,1044.4,1032.19,1041.23,1.34,1.67,NSE_EQ|INE102D01028,1032.11,2026-05-28T20:57:58.704408+05:30,1027.0,,1018.0,1047.87,1062.45,-0.3,1010.0,0.0,0.0
Diversified,Godrej Industries Ltd.,GODREJIND,1390.0,1134.1,1128.68,1095.48,-2.15,-0.6,NSE_EQ|INE233A01035,1136.8,2026-05-28T20:57:59.750476+05:30,1140.95,,1131.8,847.27,862.65,-3.92,822.2,0.0,0.0
Realty,Godrej Properties Ltd.,GODREJPROP,3402.7,1788.6,1755.61,1757.39,-0.95,1.71,NSE_EQ|INE484J01027,1761.37,2026-05-28T20:58:00.796757+05:30,1758.0,,1683.9,1586.89,1603.91,0.83,1527.7,0.0,0.0
Healthcare,Granules India Ltd.,GRANULES,800.0,782.6,755.64,737.34,-0.26,2.89,NSE_EQ|INE101D01020,764.6,2026-05-28T20:58:01.822457+05:30,760.0,,0.0,590.39,588.17,3.52,585.0,585.0,3.52
Capital Goods,Graphite India Ltd.,GRAPHITE,1127.0,746.8,746.66,736.89,0.83,-1.23,NSE_EQ|INE371A01025,748.58,2026-05-28T20:58:02.862022+05:30,756.0,,0.0,608.99,615.34,-5.1,599.95,697.0,-22.1
Construction Materials,Grasim Industries Ltd.,GRASIM,3197.5,3170.0,3078.9,2994.79,-0.11,0.38,NSE_EQ|INE047A01021,3137.46,2026-05-28T20:58:03.903944+05:30,3158.0,,3060.7,2617.83,2636.98,-1.63,2591.0,2570.0,-0.81
Metals & Mining,Gravita India Ltd.,GRAVITA,2700.0,1668.5,1660.76,1656.68,0.05,-0.02,NSE_EQ|INE024L01027,1657.98,2026-05-28T20:58:04.927555+05:30,1668.9,,0.0,1441.04,1458.72,-0.09,1393.9,1519.9,-9.13
Services,Great Eastern Shipping Co. Ltd.,GESHIP,1798.0,1511.3,1612.97,1581.95,0.04,-9.18,NSE_EQ|INE017A01032,1608.4,2026-05-28T20:58:05.947510+05:30,1650.0,,1672.4,1402.27,1391.87,-1.92,1425.5,1410.0,-0.81
Chemicals,Gujarat Fluorochemicals Ltd.,FLUOROCHEM,4880.95,3684.6,3749.98,3686.99,-1.37,0.5,NSE_EQ|INE09N301011,3758.42,2026-05-28T20:58:06.950393+05:30,3666.0,,3750.0,3209.01,3221.88,0.75,3175.1,3055.3,4.5
Oil Gas & Consumable Fuels,Gujarat Gas Ltd.,GUJGASLTD,786.0,369.8,373.13,373.02,-2.02,-1.68,NSE_EQ|INE844O01030,372.18,2026-05-28T20:58:07.963544+05:30,376.0,,0.0,357.94,364.21,-7.23,352.4,0.0,0.0
Metals & Mining,Gujarat Mineral Development Corporation Ltd.,GMDCLTD,771.9,699.1,669.47,667.68,5.5,0.19,NSE_EQ|INE131A01031,676.74,2026-05-28T20:58:08.975111+05:30,697.75,,0.0,565.08,564.19,1.39,566.0,566.0,1.39
Oil Gas & Consumable Fuels,Gujarat State Petronet Ltd.,GSPL,469.7,231.25,256.88,270.69,-7.52,-3.98,NSE_EQ|INE246F01010,245.33,2026-03-24T22:12:26.221819,240.45,,0.0,257.56,263.02,-9.41,253.0,0.0,0.0
Capital Goods,H.E.G. Ltd.,HEG,991.0,579.75,591.99,597.13,0.19,-1.41,NSE_EQ|INE545A01024,586.39,2026-05-28T20:58:10.907219+05:30,587.95,,586.0,504.8,509.48,-0.34,490.0,557.0,-14.06
Capital Goods,HBL Engineering Ltd.,HBLENGINE,1122.0,817.5,786.77,784.56,4.69,1.16,NSE_EQ|INE292B01021,791.77,2026-05-28T20:58:11.961601+05:30,808.0,,761.95,669.72,676.27,1.55,650.0,650.0,1.55
Information Technology,HCL Technologies Ltd.,HCLTECH,2012.2,1165.2,1166.43,1190.21,-0.33,0.85,NSE_EQ|INE860A01027,1164.13,2026-05-28T20:58:13.013205+05:30,1155.3,,0.0,1367.36,1378.05,4.26,1314.8,1314.8,4.26
Financial Services,HDFC Asset Management Company Ltd.,HDFCAMC,2967.0,2716.3,2719.64,2710.27,-0.67,-0.43,NSE_EQ|INE127D01025,2725.25,2026-05-28T20:58:14.110081+05:30,2728.0,Expecting value: line 1 column 1 (char 0),2630.0,2421.86,2444.71,-0.35,2359.9,0.0,0.0
Financial Services,HDFC Bank Ltd.,HDFCBANK,1020.5,758.65,769.0,772.63,-0.66,-1.43,NSE_EQ|INE040A01034,768.79,2026-05-28T20:58:15.202287+05:30,769.5,Expecting value: line 1 column 1 (char 0),776.0,802.43,813.99,0.23,763.15,0.0,0.0
Financial Services,HDFC Life Insurance Company Ltd.,HDFCLIFE,820.75,609.6,612.55,610.72,-0.36,-1.69,NSE_EQ|INE795G01014,613.92,2026-05-28T20:58:16.246986+05:30,619.9,Expecting value: line 1 column 1 (char 0),0.0,631.56,639.97,-2.01,615.1,0.0,0.0
Telecommunication,HFCL Ltd.,HFCL,176.44,173.92,153.17,141.36,-0.97,6.57,NSE_EQ|INE548A01028,160.68,2026-05-28T20:58:17.289455+05:30,162.49,Expecting value: line 1 column 1 (char 0),158.9,70.25,70.15,-0.6,70.0,66.24,4.8
Information Technology,Happiest Minds Technologies Ltd.,HAPPSTMNDS,1580.0,378.6,371.97,372.09,0.0,0.49,NSE_EQ|INE419U01012,374.34,2026-05-28T20:58:18.332948+05:30,376.75,Expecting value: line 1 column 1 (char 0),360.55,392.96,391.52,0.6,397.0,0.0,0.0
Consumer Durables,Havells India Ltd.,HAVELLS,2106.0,1211.0,1209.6,1222.19,-0.37,0.66,NSE_EQ|INE176B01034,1206.18,2026-05-28T20:58:19.375719+05:30,1203.0,Expecting value: line 1 column 1 (char 0),0.0,1286.61,1297.69,-2.9,1270.0,0.0,0.0
Automobile and Auto Components,Hero MotoCorp Ltd.,HEROMOTOCO,6388.5,5075.0,5022.91,5061.7,0.08,1.62,NSE_EQ|INE158A01026,5014.32,2026-05-28T20:58:20.411239+05:30,4993.0,Expecting value: line 1 column 1 (char 0),0.0,5321.36,5348.88,1.18,5191.0,5191.0,1.18
Information Technology,Hexaware Technologies Ltd.,HEXT,900.0,508.2,501.71,491.8,0.37,-0.55,NSE_EQ|INE093A01041,506.96,2026-05-28T20:53:21.964446+05:30,511.0,Expecting value: line 1 column 1 (char 0),505.4,449.53,460.49,1.61,430.1,430.1,1.61
Chemicals,Himadri Speciality Chemical Ltd.,HSCL,688.7,607.2,595.18,585.62,1.8,-0.12,NSE_EQ|INE019C01026,598.49,2026-05-28T20:53:23.023875+05:30,607.9,Expecting value: line 1 column 1 (char 0),595.5,450.32,451.84,0.15,445.0,434.0,2.61
Metals & Mining,Hindalco Industries Ltd.,HINDALCO,1154.0,1149.7,1096.36,1073.6,0.16,2.73,NSE_EQ|INE038A01020,1113.92,2026-05-28T20:53:24.100318+05:30,1118.3,Expecting value: line 1 column 1 (char 0),1038.4,885.55,891.29,-0.04,855.0,0.0,0.0
Capital Goods,Hindustan Aeronautics Ltd.,HAL,5674.75,4413.0,4423.77,4418.7,0.06,-0.39,NSE_EQ|INE066F01020,4408.5,2026-05-28T20:53:25.157153+05:30,4430.0,Expecting value: line 1 column 1 (char 0),0.0,3810.96,3850.28,-2.92,3760.6,3837.0,-5.01
Metals & Mining,Hindustan Copper Ltd.,HINDCOPPER,760.05,555.35,558.21,557.7,1.8,-0.48,NSE_EQ|INE531E01026,554.73,2026-05-28T20:53:26.216952+05:30,558.0,Expecting value: line 1 column 1 (char 0),546.0,496.52,504.03,-2.47,475.0,0.0,0.0
Oil Gas & Consumable Fuels,Hindustan Petroleum Corporation Ltd.,HINDPETRO,508.45,402.9,389.78,384.0,-1.31,1.22,NSE_EQ|INE094A01015,395.93,2026-05-28T20:53:27.273952+05:30,398.0,Expecting value: line 1 column 1 (char 0),367.0,360.62,368.89,3.8,324.0,324.0,3.8
Fast Moving Consumer Goods,Hindustan Unilever Ltd.,HINDUNILVR,3035.0,2198.4,2219.61,2234.28,0.44,-0.3,NSE_EQ|INE030A01027,2205.19,2026-05-28T20:53:28.352978+05:30,2205.1,Expecting value: line 1 column 1 (char 0),2180.0,2140.27,2160.15,1.09,2062.3,2062.3,1.09
Metals & Mining,Hindustan Zinc Ltd.,HINDZINC,807.7,648.85,638.71,629.72,2.39,-0.19,NSE_EQ|INE267A01025,641.82,2026-05-28T20:53:29.418722+05:30,650.1,Expecting value: line 1 column 1 (char 0),631.9,530.44,538.7,-0.46,499.35,0.0,0.0
Capital Goods,Hitachi Energy India Ltd.,POWERINDIA,37695.0,37550.0,35235.11,33913.77,1.65,3.54,NSE_EQ|INE07Y701011,36152.11,2026-05-28T20:53:30.443813+05:30,36220.0,Expecting value: line 1 column 1 (char 0),35400.0,24755.5,24538.5,0.72,24845.0,24195.0,3.32
Financial Services,Home First Finance Company India Ltd.,HOMEFIRST,1519.0,1117.9,1094.62,1103.36,0.61,2.68,NSE_EQ|INE481N01025,1092.68,2026-05-28T20:53:31.459425+05:30,1087.9,Expecting value: line 1 column 1 (char 0),0.0,974.87,990.16,-0.33,932.1,1031.0,-10.98
Fast Moving Consumer Goods,Honasa Consumer Ltd.,HONASA,547.0,419.95,379.47,364.99,1.2,6.18,NSE_EQ|INE0J5401028,394.19,2026-05-28T20:53:32.482821+05:30,394.0,Expecting value: line 1 column 1 (char 0),391.25,286.4,286.73,0.51,285.0,286.8,-0.12
Capital Goods,Honeywell Automation India Ltd.,HONAUT,59994.0,36120.0,33221.63,31963.81,2.87,0.33,NSE_EQ|INE671A01010,34706.74,2026-05-28T20:53:33.500096+05:30,36000.0,Expecting value: line 1 column 1 (char 0),34550.0,28833.37,29144.34,-1.85,28150.0,0.0,0.0
Financial Services,Housing & Urban Development Corporation Ltd.,HUDCO,353.7,206.24,208.32,208.84,-0.3,-0.19,NSE_EQ|INE031A01017,206.62,2026-05-28T20:53:34.533980+05:30,206.64,Expecting value: line 1 column 1 (char 0),199.6,174.13,176.07,-0.5,170.0,0.0,0.0
Automobile and Auto Components,Hyundai Motor India Ltd.,HYUNDAI,2890.0,1913.6,1858.21,1848.91,0.54,1.18,NSE_EQ|INE0V6F01027,1876.6,2026-05-28T20:53:35.632691+05:30,1891.1,Expecting value: line 1 column 1 (char 0),1859.0,1970.01,1996.83,-4.33,1940.0,0.0,0.0
Financial Services,ICICI Lombard General Insurance Company Ltd.,ICICIGI,2301.9,1850.0,1831.44,1821.13,-0.09,-0.59,NSE_EQ|INE765G01017,1842.0,2026-05-28T20:53:36.686228+05:30,1861.0,Expecting value: line 1 column 1 (char 0),1835.1,1792.0,1804.66,-1.79,1761.0,1835.6,-6.1
Financial Services,ICICI Prudential Life Insurance Company Ltd.,ICICIPRULI,796.8,522.9,524.9,530.41,-1.26,-0.4,NSE_EQ|INE726G01019,522.3,2026-05-28T20:53:37.737509+05:30,525.0,Expecting value: line 1 column 1 (char 0),512.25,569.07,577.71,-1.4,545.0,0.0,0.0
Financial Services,IDBI Bank Ltd.,IDBI,118.38,73.49,72.88,73.31,0.33,0.75,NSE_EQ|INE008A01015,73.02,2026-05-28T20:53:38.784900+05:30,72.94,Expecting value: line 1 column 1 (char 0),0.0,81.52,84.86,-6.31,71.3,113.85,-69.75
Financial Services,IDFC First Bank Ltd.,IDFCFIRSTB,100.7,71.48,69.37,68.86,1.38,1.76,NSE_EQ|INE092T01019,69.99,2026-05-28T20:53:39.815646+05:30,70.22,Expecting value: line 1 column 1 (char 0),69.25,65.28,66.67,-0.61,62.47,0.0,0.0
Financial Services,IFCI Ltd.,IFCI,91.4,68.38,63.37,62.24,3.88,5.6,NSE_EQ|INE039A01010,64.46,2026-05-28T20:53:40.830882+05:30,64.55,Expecting value: line 1 column 1 (char 0),61.9,54.49,54.98,-1.88,53.0,0.0,0.0
Financial Services,IIFL Finance Ltd.,IIFL,848.95,478.35,468.35,463.4,-1.32,1.33,NSE_EQ|INE530B01024,473.22,2026-05-28T20:53:41.891737+05:30,472.0,Expecting value: line 1 column 1 (char 0),468.0,472.1,476.66,-2.39,466.8,0.0,0.0
Capital Goods,INOX India Ltd.,INOXINDIA,1615.9,1524.9,1466.83,1455.49,3.23,1.53,NSE_EQ|INE616N01034,1480.69,2026-05-28T20:53:42.978043+05:30,1501.5,Expecting value: line 1 column 1 (char 0),1440.0,1178.54,1173.88,3.21,1164.0,1164.0,3.21
Construction,IRB Infrastructure Developers Ltd.,IRB,78.15,21.69,21.48,21.39,0.42,-0.05,NSE_EQ|INE821I01022,21.64,2026-05-28T20:53:44.077138+05:30,21.7,Expecting value: line 1 column 1 (char 0),0.0,41.14,41.21,-0.91,41.0,40.01,1.53
Construction,IRCON International Ltd.,IRCON,351.6,139.66,142.54,144.44,-1.26,-0.06,NSE_EQ|INE962Y01021,140.89,2026-05-28T20:53:45.124979+05:30,139.75,Expecting value: line 1 column 1 (char 0),0.0,127.9,130.53,-2.85,122.0,0.0,0.0
Consumer Services,ITC Hotels Ltd.,ITCHOTELS,261.62,156.43,155.78,156.77,-1.26,0.4,NSE_EQ|INE379A01028,155.45,2026-05-28T20:53:46.204721+05:30,155.8,Expecting value: line 1 column 1 (char 0),0.0,153.49,156.16,-1.78,147.86,0.0,0.0
Fast Moving Consumer Goods,ITC Ltd.,ITC,528.5,291.95,303.02,304.7,-0.9,-1.27,NSE_EQ|INE154A01025,300.07,2026-05-28T20:53:47.290852+05:30,295.65,Expecting value: line 1 column 1 (char 0),0.0,300.09,302.53,-2.63,298.9,0.0,0.0
Telecommunication,ITI Ltd.,ITI,592.7,301.4,293.14,292.05,2.43,-0.53,NSE_EQ|INE248A01017,295.47,2026-05-28T20:53:48.370401+05:30,303.0,Expecting value: line 1 column 1 (char 0),293.0,260.9,262.6,-3.89,266.0,251.1,1.93
Healthcare,Indegene Ltd.,INDGN,736.3,518.9,515.9,513.2,-0.81,-1.02,NSE_EQ|INE065X01017,516.08,2026-05-28T20:53:49.446950+05:30,524.2,Expecting value: line 1 column 1 (char 0),509.05,448.26,451.55,2.61,432.5,432.5,2.61
Construction Materials,India Cements Ltd.,INDIACEM,485.8,400.6,402.03,401.25,0.41,-1.85,NSE_EQ|INE383A01012,402.24,2026-05-28T20:53:50.518206+05:30,408.0,Expecting value: line 1 column 1 (char 0),0.0,368.18,373.59,1.68,351.0,351.0,1.68
Consumer Services,Indiamart Intermesh Ltd.,INDIAMART,4975.0,2020.1,2020.15,2034.05,0.42,-0.51,NSE_EQ|INE933S01016,2022.49,2026-05-28T20:53:51.600208+05:30,2030.4,Expecting value: line 1 column 1 (char 0),1999.9,2031.9,2049.49,0.15,1961.0,2075.4,-5.68
Financial Services,Indian Bank,INDIANB,1000.9,833.35,830.6,842.31,-1.25,-0.02,NSE_EQ|INE562A01011,830.61,2026-05-28T20:53:52.656591+05:30,833.55,Expecting value: line 1 column 1 (char 0),0.0,887.05,889.81,1.2,861.0,861.0,1.2
Financial Services,Indian Energy Exchange Ltd.,IEX,318.65,126.59,126.98,127.11,0.08,-0.56,NSE_EQ|INE022Q01020,126.92,2026-05-28T20:53:53.945214+05:30,127.3,Expecting value: line 1 column 1 (char 0),0.0,120.88,121.39,0.76,118.71,119.01,0.51
Consumer Services,Indian Hotels Co. Ltd.,INDHOTEL,894.9,667.7,657.53,653.61,-0.98,1.31,NSE_EQ|INE053A01029,660.53,2026-05-28T20:53:54.929509+05:30,658.95,Expecting value: line 1 column 1 (char 0),654.25,618.7,624.03,-1.08,610.55,0.0,0.0
Oil Gas & Consumable Fuels,Indian Oil Corporation Ltd.,IOC,196.8,143.94,140.94,141.24,-0.93,1.29,NSE_EQ|INE242A01010,141.98,2026-05-28T20:53:55.921886+05:30,142.09,Expecting value: line 1 column 1 (char 0),134.67,150.36,153.01,-2.01,141.49,0.0,0.0
Financial Services,Indian Overseas Bank,IOB,83.75,33.88,33.78,33.97,-0.48,0.74,NSE_EQ|INE565A01014,33.73,2026-05-28T20:53:56.917672+05:30,33.63,Expecting value: line 1 column 1 (char 0),0.0,33.35,33.56,-3.27,33.5,32.5,-0.18
Consumer Services,Indian Railway Catering And Tourism Corporation Ltd.,IRCTC,1279.25,523.2,533.81,538.43,-1.43,-1.76,NSE_EQ|INE335Y01020,530.72,2026-05-28T20:53:57.892536+05:30,532.4,Expecting value: line 1 column 1 (char 0),0.0,533.86,541.32,-0.94,520.0,0.0,0.0
Financial Services,Indian Railway Finance Corporation Ltd.,IRFC,229.0,99.19,99.45,100.31,-1.23,-0.01,NSE_EQ|INE053F01010,99.12,2026-05-28T20:53:58.892056+05:30,99.2,Expecting value: line 1 column 1 (char 0),99.0,96.64,98.04,-0.68,93.5,97.5,-4.99
Financial Services,Indian Renewable Energy Development Agency Ltd.,IREDA,310.0,130.2,129.28,129.52,-0.32,0.51,NSE_EQ|INE202E01016,129.37,2026-05-28T20:53:59.896204+05:30,129.54,Expecting value: line 1 column 1 (char 0),0.0,116.58,117.49,-0.55,115.0,114.85,-0.42
Oil Gas & Consumable Fuels,Indraprastha Gas Ltd.,IGL,301.0,164.61,160.08,160.24,2.44,-0.85,NSE_EQ|INE203G01027,161.57,2026-05-28T20:54:00.963169+05:30,166.01,Expecting value: line 1 column 1 (char 0),161.96,155.85,157.48,-4.08,156.0,154.05,-2.78
Telecommunication,Indus Towers Ltd.,INDUSTOWER,482.8,436.25,429.74,424.46,-1.88,0.55,NSE_EQ|INE121J01017,433.93,2026-05-28T20:54:02.032731+05:30,433.85,Expecting value: line 1 column 1 (char 0),0.0,435.25,436.73,-0.16,430.0,425.0,1.0
Financial Services,IndusInd Bank Ltd.,INDUSINDBK,2038.0,932.3,915.05,905.15,0.65,0.19,NSE_EQ|INE095A01012,922.46,2026-05-28T20:54:03.077600+05:30,930.5,Expecting value: line 1 column 1 (char 0),885.55,832.84,842.31,-1.14,806.3,926.05,-16.16
Consumer Services,Info Edge (India) Ltd.,NAUKRI,1826.0,1005.65,960.85,964.38,4.3,1.85,NSE_EQ|INE663F01032,971.49,2026-05-28T20:54:04.125511+05:30,987.05,Expecting value: line 1 column 1 (char 0),938.5,994.08,1005.69,1.76,970.0,970.0,1.76
Information Technology,Infosys Ltd.,INFY,2006.45,1159.9,1166.3,1176.2,0.12,-0.09,NSE_EQ|INE009A01021,1166.71,2026-05-28T20:54:05.205613+05:30,1161.0,Expecting value: line 1 column 1 (char 0),0.0,1285.28,1298.32,3.14,1238.2,1238.2,3.14
Capital Goods,Inox Wind Ltd.,INOXWIND,261.9,95.81,96.42,96.91,-0.87,-1.03,NSE_EQ|INE066P01011,95.93,2026-05-28T20:54:06.237353+05:30,96.8,Expecting value: line 1 column 1 (char 0),96.0,82.31,84.07,-3.68,80.78,79.7,-2.3
Information Technology,Intellect Design Arena Ltd.,INTELLECT,1255.0,710.1,708.7,711.63,0.08,0.01,NSE_EQ|INE306R01017,707.08,2026-05-28T20:54:07.288476+05:30,710.0,Expecting value: line 1 column 1 (char 0),701.7,661.87,671.52,-0.77,648.0,661.5,-2.87
Services,InterGlobe Aviation Ltd.,INDIGO,6232.5,4570.0,4423.41,4402.45,-0.43,1.97,NSE_EQ|INE646L01027,4476.7,2026-05-28T20:54:08.335103+05:30,4480.0,Expecting value: line 1 column 1 (char 0),4305.0,4263.11,4314.16,1.95,4069.8,4069.8,1.95
Services,International Gemmological Institute (India) Ltd.,IGIL,642.3,369.9,360.88,354.04,2.18,-4.08,NSE_EQ|INE0Q9301021,369.23,2026-05-28T20:54:09.370435+05:30,385.0,Expecting value: line 1 column 1 (char 0),372.95,327.52,327.08,-2.56,334.8,0.0,0.0
Information Technology,Inventurus Knowledge Solutions Ltd.,IKS,2189.0,1637.5,1632.75,1615.48,-0.5,-0.51,NSE_EQ|INE115Q01022,1634.01,2026-05-28T20:54:10.420688+05:30,1645.8,Expecting value: line 1 column 1 (char 0),1610.0,1362.49,1378.45,2.03,1320.0,1320.0,2.03
Healthcare,Ipca Laboratories Ltd.,IPCALAB,1755.9,1572.4,1589.77,1574.98,0.75,-0.29,NSE_EQ|INE571A01038,1587.47,2026-05-28T20:54:11.480499+05:30,1577.0,Expecting value: line 1 column 1 (char 0),0.0,1529.33,1524.6,-0.84,1543.6,1471.8,3.85
Healthcare,J.B. Chemicals & Pharmaceuticals Ltd.,JBCHEPHARM,2285.3,2204.2,2177.19,2144.62,-2.65,0.64,NSE_EQ|INE572A01036,2194.83,2026-05-28T20:54:12.511331+05:30,2190.0,Expecting value: line 1 column 1 (char 0),0.0,2082.94,2071.75,-2.98,2138.6,2020.0,2.73
Construction Materials,J.K. Cement Ltd.,JKCEMENT,7565.5,5301.0,5416.27,5442.79,-2.37,-0.26,NSE_EQ|INE823G01014,5381.01,2026-05-28T20:54:13.566852+05:30,5315.0,Expecting value: line 1 column 1 (char 0),5370.5,5171.55,5213.61,3.32,4950.0,4950.0,3.32
Automobile and Auto Components,JBM Auto Ltd.,JBMA,1214.2,640.8,638.7,634.72,0.36,0.28,NSE_EQ|INE927D01051,638.81,2026-05-28T20:54:14.608065+05:30,639.0,Expecting value: line 1 column 1 (char 0),622.0,554.49,553.6,2.83,556.0,556.0,2.83
Automobile and Auto Components,JK Tyre & Industries Ltd.,JKTYRE,611.9,413.3,386.12,389.68,1.73,-0.65,NSE_EQ|INE573A01042,391.59,2026-05-28T20:54:15.655227+05:30,416.0,Expecting value: line 1 column 1 (char 0),387.35,425.93,435.01,-3.25,411.0,412.6,-3.66
Financial Services,JM Financial Ltd.,JMFINANCIL,199.8,131.5,132.28,133.54,-0.37,-1.67,NSE_EQ|INE780C01023,131.44,2026-05-28T20:54:16.694758+05:30,133.7,Expecting value: line 1 column 1 (char 0),130.0,122.23,122.95,-0.1,120.56,119.6,0.7
Construction Materials,JSW Cement Ltd.,JSWCEMENT,162.15,130.73,128.81,126.78,-2.5,-1.06,NSE_EQ|INE718I01012,130.84,2026-05-28T20:54:17.732732+05:30,132.11,Expecting value: line 1 column 1 (char 0),0.0,116.95,117.41,0.43,114.55,122.09,-6.12
Power,JSW Energy Ltd.,JSWENERGY,804.9,602.05,558.56,549.88,2.8,3.33,NSE_EQ|INE121E01018,571.7,2026-05-28T20:54:18.803902+05:30,582.0,Expecting value: line 1 column 1 (char 0),559.9,494.01,493.55,-4.71,506.8,468.0,3.31
Services,JSW Infrastructure Ltd.,JSWINFRA,360.95,279.55,274.03,272.74,1.04,0.21,NSE_EQ|INE880J01026,276.07,2026-05-28T20:54:19.862214+05:30,278.95,Expecting value: line 1 column 1 (char 0),276.05,254.16,254.81,1.7,248.15,248.15,1.7
Metals & Mining,JSW Steel Ltd.,JSWSTEEL,1328.0,1309.3,1288.83,1277.37,0.32,1.09,NSE_EQ|INE019A01038,1295.27,2026-05-28T20:54:20.946581+05:30,1295.0,Expecting value: line 1 column 1 (char 0),0.0,1162.54,1168.9,-1.77,1153.8,1121.5,1.08
Power,Jaiprakash Power Ventures Ltd.,JPPOWER,27.7,22.87,19.53,19.07,0.94,15.92,NSE_EQ|INE351F01018,20.2,2026-05-28T20:54:22.005701+05:30,19.23,Expecting value: line 1 column 1 (char 0),0.0,15.05,15.03,-3.96,15.5,13.6,8.79
Financial Services,Jammu & Kashmir Bank Ltd.,J&KBANK,152.5,143.88,138.17,135.37,-0.33,2.59,NSE_EQ|INE168A01041,140.48,2026-05-28T20:54:23.081424+05:30,140.15,Expecting value: line 1 column 1 (char 0),136.01,115.69,115.24,-2.28,115.68,116.2,-2.74
Capital Goods,Jindal Saw Ltd.,JINDALSAW,383.85,246.07,229.71,228.57,1.25,7.26,NSE_EQ|INE324A01032,232.08,2026-05-28T20:54:24.201260+05:30,228.2,Expecting value: line 1 column 1 (char 0),226.0,185.08,184.58,-5.52,192.01,190.88,-4.9
Metals & Mining,Jindal Stainless Ltd.,JSL,884.0,722.2,735.75,743.7,-0.5,-0.82,NSE_EQ|INE220G01021,729.83,2026-05-28T20:54:25.256608+05:30,728.1,Expecting value: line 1 column 1 (char 0),0.0,727.25,731.51,-0.42,720.45,706.9,1.47
Metals & Mining,Jindal Steel Ltd.,JINDALSTEL,1306.2,1220.6,1222.28,1227.09,0.87,-0.36,NSE_EQ|INE749A01030,1218.49,2026-05-28T20:54:26.336506+05:30,1225.0,Expecting value: line 1 column 1 (char 0),0.0,1157.1,1159.29,-3.29,1162.0,1137.0,-1.07
Financial Services,Jio Financial Services Ltd.,JIOFIN,394.7,242.89,239.1,239.69,-0.3,0.78,NSE_EQ|INE758E01017,240.16,2026-05-28T20:54:27.391971+05:30,241.0,Expecting value: line 1 column 1 (char 0),230.39,238.67,240.74,-1.5,236.2,235.0,-0.99
Consumer Services,Jubilant Foodworks Ltd.,JUBLFOOD,918.0,427.3,444.64,453.07,-2.03,-0.4,NSE_EQ|INE797F01020,436.22,2026-05-28T20:54:28.479696+05:30,429.0,Expecting value: line 1 column 1 (char 0),0.0,464.4,470.28,0.13,448.0,0.0,0.0
Chemicals,Jubilant Ingrevia Ltd.,JUBLINGREA,885.0,680.45,716.94,714.62,-4.38,-2.87,NSE_EQ|INE0BY001018,707.41,2026-05-28T20:54:29.528477+05:30,700.0,Expecting value: line 1 column 1 (char 0),733.65,578.63,581.78,-1.12,582.55,560.5,2.71
Healthcare,Jubilant Pharmova Ltd.,JUBLPHARMA,1309.9,990.15,996.5,981.96,-1.78,0.42,NSE_EQ|INE700A01033,996.72,2026-05-28T20:54:30.587240+05:30,985.95,Expecting value: line 1 column 1 (char 0),0.0,852.26,857.04,5.27,815.0,818.0,4.92
Capital Goods,Jupiter Wagons Ltd.,JWL,748.1,298.5,285.72,283.81,-2.43,3.25,NSE_EQ|INE209L01016,289.5,2026-05-28T20:54:31.657064+05:30,288.8,Expecting value: line 1 column 1 (char 0),266.1,267.24,269.9,0.08,259.4,0.0,0.0
Fast Moving Consumer Goods,Jyothy Labs Ltd.,JYOTHYLAB,595.85,208.6,213.08,222.57,0.39,1.01,NSE_EQ|INE668F01031,207.43,2026-05-28T20:54:32.692649+05:30,206.5,Expecting value: line 1 column 1 (char 0),0.0,219.22,222.53,1.05,208.0,208.0,1.05
Capital Goods,Jyoti CNC Automation Ltd.,JYOTICNC,1504.3,656.95,680.4,702.6,-1.51,-0.92,NSE_EQ|INE980O01024,665.97,2026-05-28T20:54:33.830016+05:30,663.0,Expecting value: line 1 column 1 (char 0),0.0,755.47,762.78,0.66,739.95,715.95,3.89
Textiles,K.P.R. Mill Ltd.,KPRMILL,1389.0,935.7,940.87,934.64,-0.47,-1.31,NSE_EQ|INE930H01031,942.43,2026-05-28T20:54:34.899517+05:30,948.0,Expecting value: line 1 column 1 (char 0),0.0,844.55,850.11,2.33,817.95,817.95,2.33
Capital Goods,KEI Industries Ltd.,KEI,5455.0,5446.2,5230.67,5110.58,0.3,2.32,NSE_EQ|INE878B01027,5312.02,2026-05-28T20:54:35.937829+05:30,5320.0,Expecting value: line 1 column 1 (char 0),5146.2,4294.34,4332.03,0.39,4110.0,4117.0,0.22
Information Technology,KPIT Technologies Ltd.,KPITTECH,1928.7,771.8,752.33,742.69,3.61,-1.52,NSE_EQ|INE04I401011,763.72,2026-05-28T20:54:36.954790+05:30,783.5,Expecting value: line 1 column 1 (char 0),756.4,691.16,709.93,2.26,650.0,650.0,2.26
Capital Goods,KSB Ltd.,KSB,1060.0,813.6,831.11,852.88,-0.82,0.54,NSE_EQ|INE999A01023,818.22,2026-05-28T20:54:37.984521+05:30,809.2,Expecting value: line 1 column 1 (char 0),0.0,776.79,771.46,2.79,777.7,777.7,2.79
Consumer Durables,Kajaria Ceramics Ltd.,KAJARIACER,1578.7,1081.4,1071.45,1081.73,-0.48,0.68,NSE_EQ|INE217B01036,1069.84,2026-05-28T20:54:39.059854+05:30,1074.0,Expecting value: line 1 column 1 (char 0),0.0,926.27,929.6,-5.93,958.05,905.0,-0.07
Construction,Kalpataru Projects International Ltd.,KPIL,1449.0,1274.4,1267.44,1255.35,1.63,-2.47,NSE_EQ|INE220B01022,1274.91,2026-05-28T20:54:40.081098+05:30,1305.9,Expecting value: line 1 column 1 (char 0),1276.0,1086.0,1093.62,-0.78,1060.0,0.0,0.0
Consumer Durables,Kalyan Jewellers India Ltd.,KALYANKJIL,795.4,354.75,358.38,370.75,-0.68,-0.58,NSE_EQ|INE303R01014,354.5,2026-05-28T20:54:41.130014+05:30,356.8,Expecting value: line 1 column 1 (char 0),347.0,381.97,384.85,-1.88,378.7,405.0,-8.96
Financial Services,Karur Vysya Bank Ltd.,KARURVYSYA,343.45,294.05,292.0,292.13,0.49,0.34,NSE_EQ|INE036D01028,292.18,2026-05-28T20:54:42.150042+05:30,293.05,Expecting value: line 1 column 1 (char 0),0.0,280.88,283.75,4.88,259.0,259.0,4.88
Capital Goods,Kaynes Technology India Ltd.,KAYNES,7822.0,3229.6,3376.54,3575.69,-2.3,-2.15,NSE_EQ|INE918Z01012,3278.28,2026-05-28T20:54:43.189816+05:30,3299.0,Expecting value: line 1 column 1 (char 0),3198.9,3594.99,3616.5,-1.02,3550.0,3490.0,0.69
Construction,Kec International Ltd.,KEC,1313.25,502.5,507.79,525.74,-1.78,-1.39,NSE_EQ|INE389H01022,499.28,2026-05-28T20:54:44.223645+05:30,509.5,Expecting value: line 1 column 1 (char 0),491.6,553.29,558.37,1.01,540.0,540.0,1.01
Financial Services,Kfin Technologies Ltd.,KFINTECH,1641.35,848.15,839.46,859.04,0.78,1.08,NSE_EQ|INE138Y01010,836.2,2026-05-28T20:54:45.248950+05:30,839.0,Expecting value: line 1 column 1 (char 0),815.9,916.41,922.35,-0.41,910.0,893.0,1.46
Capital Goods,Kirloskar Brothers Ltd.,KIRLOSBROS,2684.0,1652.4,1631.71,1642.9,-1.11,2.08,NSE_EQ|INE732A01036,1628.18,2026-05-28T20:54:46.291808+05:30,1618.0,Expecting value: line 1 column 1 (char 0),0.0,1533.31,1541.12,-4.93,1552.9,1509.1,-1.97
Capital Goods,Kirloskar Oil Eng Ltd.,KIRLOSENG,1836.0,1830.0,1714.24,1681.62,2.84,4.64,NSE_EQ|INE146L01010,1746.24,2026-05-28T20:54:47.315618+05:30,1745.1,Expecting value: line 1 column 1 (char 0),1701.0,1375.53,1374.89,-2.88,1366.2,0.0,0.0
Financial Services,Kotak Mahindra Bank Ltd.,KOTAKBANK,460.4,388.7,385.8,383.15,-1.08,0.04,NSE_EQ|INE237A01036,387.7,2026-05-28T20:54:48.358648+05:30,388.55,Expecting value: line 1 column 1 (char 0),388.3,376.35,380.36,0.55,364.85,0.0,0.0
Healthcare,Krishna Institute of Medical Sciences Ltd.,KIMS,798.4,784.45,758.76,739.21,1.19,2.47,NSE_EQ|INE967H01025,768.75,2026-05-28T20:54:49.398054+05:30,765.05,Expecting value: line 1 column 1 (char 0),758.6,653.32,655.99,-0.53,641.0,634.95,0.42
Fast Moving Consumer Goods,Kwality Wall's (India) Ltd.,KWIL,31.29,26.33,26.58,26.81,-1.37,0.11,NSE_EQ|INE2KCE01013,26.34,2026-05-28T20:54:50.434586+05:30,26.3,Expecting value: line 1 column 1 (char 0),25.63,24.55,25.01,0.42,23.53,25.01,-5.84
Financial Services,L&T Finance Ltd.,LTF,329.45,281.7,279.72,281.09,0.92,0.28,NSE_EQ|INE498L01015,279.32,2026-05-28T20:54:51.465299+05:30,280.9,Expecting value: line 1 column 1 (char 0),272.5,262.61,265.1,-2.12,260.2,257.0,-0.86
Information Technology,L&T Technology Services Ltd.,LTTS,6000.0,3491.6,3538.92,3550.36,0.02,-1.41,NSE_EQ|INE010V01017,3519.04,2026-05-28T20:54:52.517639+05:30,3540.7,Expecting value: line 1 column 1 (char 0),3436.4,3268.42,3306.12,-2.11,3219.9,3428.0,-8.7
Financial Services,LIC Housing Finance Ltd.,LICHSGFIN,826.75,556.45,549.81,551.06,-0.17,2.12,NSE_EQ|INE115A01026,548.13,2026-05-28T20:54:53.562367+05:30,544.65,Expecting value: line 1 column 1 (char 0),540.0,492.16,495.51,-0.84,483.0,527.85,-10.2
Fast Moving Consumer Goods,LT Foods Ltd.,LTFOODS,518.55,406.0,407.57,410.19,0.09,-0.99,NSE_EQ|INE818H01020,406.02,2026-05-28T20:54:54.629582+05:30,410.0,Expecting value: line 1 column 1 (char 0),399.0,384.36,385.88,0.83,375.9,0.0,0.0
Information Technology,LTIMindtree Ltd.,LTIM,7588.8,3988.6,4062.77,4147.59,-0.82,0.22,NSE_EQ|INE214T01019,4015.32,2026-05-28T20:54:55.679452+05:30,3979.9,Expecting value: line 1 column 1 (char 0),0.0,4335.84,4409.53,-0.58,4236.0,4214.9,-0.08
Construction,Larsen & Toubro Ltd.,LT,4440.0,4047.5,3981.99,3969.66,0.2,0.11,NSE_EQ|INE018A01030,4006.58,2026-05-28T20:54:56.774027+05:30,4043.0,Expecting value: line 1 column 1 (char 0),3970.0,3613.84,3661.99,3.18,3405.1,3405.1,3.18
Information Technology,Latent View Analytics Ltd.,LATENTVIEW,754.9,316.9,315.48,310.35,-1.96,0.6,NSE_EQ|INE0I7C01011,318.13,2026-05-28T20:54:57.780801+05:30,315.0,Expecting value: line 1 column 1 (char 0),321.3,283.9,293.2,-0.89,265.0,0.0,0.0
Healthcare,Laurus Labs Ltd.,LAURUSLABS,1391.5,1381.7,1338.46,1284.95,0.94,0.85,NSE_EQ|INE947Q01028,1363.73,2026-05-28T20:54:58.860149+05:30,1369.9,Expecting value: line 1 column 1 (char 0),1339.0,1000.94,1003.43,1.36,979.1,979.1,1.36
Consumer Services,Leela Palaces Hotels & Resorts Ltd.,THELEELA,474.4,414.45,414.32,416.22,1.82,-1.58,NSE_EQ|INE0AQ201015,414.66,2026-05-28T20:54:59.925624+05:30,421.0,Expecting value: line 1 column 1 (char 0),412.1,414.86,417.61,3.68,390.0,390.0,3.68
Consumer Services,Lemon Tree Hotels Ltd.,LEMONTREE,180.68,119.58,115.26,115.11,0.19,2.12,NSE_EQ|INE970X01018,116.44,2026-05-28T20:55:00.984159+05:30,117.05,Expecting value: line 1 column 1 (char 0),114.5,107.5,108.91,2.03,104.0,104.0,2.03
Financial Services,Life Insurance Corporation of India,LICI,1222.0,830.0,819.24,811.95,1.54,-3.01,NSE_EQ|INE0J1Y01017,828.89,2026-05-28T20:55:02.056585+05:30,855.0,Expecting value: line 1 column 1 (char 0),841.7,783.27,790.24,-0.96,766.0,0.0,0.0
Chemicals,Linde India Ltd.,LINDEINDIA,9935.05,7259.0,7300.93,7325.51,-0.09,0.28,NSE_EQ|INE473A01011,7263.44,2026-05-28T20:55:03.129620+05:30,7239.0,Expecting value: line 1 column 1 (char 0),0.0,7083.66,7015.53,5.12,7015.0,6850.0,7.35
Metals & Mining,Lloyds Metals And Energy Ltd.,LLOYDSME,1888.6,1858.8,1771.2,1730.81,2.36,-0.59,NSE_EQ|INE281B01032,1805.26,2026-05-28T20:55:04.205912+05:30,1869.8,Expecting value: line 1 column 1 (char 0),1810.0,1224.3,1218.98,2.29,1230.0,1230.0,2.29
Realty,Lodha Developers Ltd.,LODHA,1649.95,923.65,897.68,890.71,-0.7,1.48,NSE_EQ|INE670K01029,904.6,2026-05-28T20:55:05.266759+05:30,910.0,Expecting value: line 1 column 1 (char 0),0.0,816.1,837.97,-8.62,789.0,0.0,0.0
Healthcare,Lupin Ltd.,LUPIN,2494.0,2276.4,2281.3,2291.65,-0.94,0.8,NSE_EQ|INE326A01037,2276.92,2026-05-28T20:55:06.336268+05:30,2258.3,Expecting value: line 1 column 1 (char 0),0.0,2315.69,2307.06,0.52,2319.7,2275.6,2.41
Services,MMTC Ltd.,MMTC,131.8,65.99,64.79,64.52,0.4,1.33,NSE_EQ|INE123F01029,65.05,2026-05-28T20:55:07.388643+05:30,65.11,Expecting value: line 1 column 1 (char 0),0.0,57.82,58.18,-2.27,58.0,0.0,0.0
Automobile and Auto Components,MRF Ltd.,MRF,163600.0,127020.0,127557.12,128592.59,-1.45,-0.54,NSE_EQ|INE883A01011,127276.38,2026-05-28T20:55:08.442459+05:30,127700.0,Expecting value: line 1 column 1 (char 0),0.0,131720.53,133018.64,0.1,127515.0,136480.0,-6.92
Oil Gas & Consumable Fuels,Mahanagar Gas Ltd.,MGL,1988.0,1103.2,1083.21,1087.52,1.49,0.65,NSE_EQ|INE002S01010,1085.34,2026-05-28T20:55:09.528547+05:30,1096.0,Expecting value: line 1 column 1 (char 0),1079.7,990.8,1006.37,-4.08,960.0,1024.0,-11.01
Financial Services,Maharashtra Scooters Ltd.,MAHSCOOTER,18538.0,13084.0,12387.43,12347.13,6.2,-1.57,NSE_EQ|INE288A01013,12630.63,2026-05-28T20:55:10.589670+05:30,13289.0,Expecting value: line 1 column 1 (char 0),0.0,12513.17,12614.07,-3.18,12489.0,0.0,0.0
Capital Goods,Maharashtra Seamless Ltd.,MAHSEAMLES,1097.0,635.2,636.13,636.39,0.89,0.82,NSE_EQ|INE271B01025,633.76,2026-05-28T20:55:11.591925+05:30,630.0,Expecting value: line 1 column 1 (char 0),617.0,553.25,552.07,-1.68,559.85,549.8,0.15
Financial Services,Mahindra & Mahindra Financial Services Ltd.,M&MFIN,412.2,305.2,309.67,311.97,-0.97,-0.28,NSE_EQ|INE774D01024,306.42,2026-05-28T20:55:12.640934+05:30,306.05,,304.05,323.59,328.66,0.07,306.0,0.0,0.0
Automobile and Auto Components,Mahindra & Mahindra Ltd.,M&M,3839.9,3121.6,3124.74,3140.18,-0.47,0.34,NSE_EQ|INE101A01026,3115.72,2026-05-28T20:55:13.699585+05:30,3110.9,Expecting value: line 1 column 1 (char 0),3078.0,3105.81,3140.19,0.53,3015.1,0.0,0.0
Financial Services,Manappuram Finance Ltd.,MANAPPURAM,334.0,328.75,320.46,311.6,1.39,-0.38,NSE_EQ|INE522D01027,325.66,2026-05-28T20:55:14.772751+05:30,330.0,Expecting value: line 1 column 1 (char 0),325.65,260.93,263.85,-0.1,252.9,253.85,-0.47
Oil Gas & Consumable Fuels,Mangalore Refinery & Petrochemicals Ltd.,MRPL,289.25,150.41,151.62,156.34,0.2,-0.53,NSE_EQ|INE103A01014,150.51,2026-05-28T20:55:15.832674+05:30,151.2,Expecting value: line 1 column 1 (char 0),145.0,186.37,186.28,-5.18,191.14,191.25,-5.24
Healthcare,Mankind Pharma Ltd.,MANKIND,3054.8,2420.4,2453.09,2408.25,-1.02,-0.73,NSE_EQ|INE634S01028,2450.39,2026-05-28T20:55:16.916825+05:30,2438.0,Expecting value: line 1 column 1 (char 0),2501.0,2048.89,2060.82,0.39,1980.0,2161.0,-8.71
Fast Moving Consumer Goods,Marico Ltd.,MARICO,848.8,833.8,829.07,819.64,0.9,0.22,NSE_EQ|INE196A01026,830.51,2026-05-28T20:55:17.968108+05:30,832.0,Expecting value: line 1 column 1 (char 0),828.2,752.42,754.37,1.1,734.8,734.8,1.1
Automobile and Auto Components,Maruti Suzuki India Ltd.,MARUTI,17370.0,13364.0,13176.95,13205.83,0.15,1.17,NSE_EQ|INE585B01010,13200.52,2026-05-28T20:55:19.006534+05:30,13208.0,Expecting value: line 1 column 1 (char 0),12850.0,12990.87,13194.55,-0.3,12501.0,0.0,0.0
Financial Services,Max Financial Services Ltd.,MFSL,1892.5,1682.3,1668.89,1653.3,0.0,-2.3,NSE_EQ|INE180A01020,1686.52,2026-05-28T20:55:20.069747+05:30,1721.0,Expecting value: line 1 column 1 (char 0),1700.0,1638.98,1651.32,-3.2,1630.5,0.0,0.0
Healthcare,Max Healthcare Institute Ltd.,MAXHEALTH,1314.3,993.45,1024.6,1023.9,-0.7,-0.16,NSE_EQ|INE027H01010,1012.82,2026-05-28T20:55:21.125110+05:30,995.0,Expecting value: line 1 column 1 (char 0),1060.05,990.46,997.38,0.54,964.0,0.0,0.0
Capital Goods,Mazagoan Dock Shipbuilders Ltd.,MAZDOCK,3775.0,2455.1,2476.69,2504.84,-0.04,-0.08,NSE_EQ|INE249Z01020,2460.51,2026-05-28T20:55:22.188381+05:30,2457.0,Expecting value: line 1 column 1 (char 0),2400.0,2307.69,2316.6,-1.64,2290.0,0.0,0.0
Healthcare,Metropolis Healthcare Ltd.,METROPOLIS,3579.9,535.0,527.13,517.81,2.65,-1.61,NSE_EQ|INE112L01020,530.76,2026-05-28T20:55:23.249724+05:30,543.6,Expecting value: line 1 column 1 (char 0),526.5,448.55,450.99,1.92,434.5,434.5,1.92
Automobile and Auto Components,Minda Corporation Ltd.,MINDACORP,652.0,623.85,564.61,547.0,2.34,4.31,NSE_EQ|INE842C01021,587.22,2026-05-28T20:55:24.321984+05:30,596.95,Expecting value: line 1 column 1 (char 0),581.0,517.32,521.06,5.49,492.5,480.85,7.72
Automobile and Auto Components,Motherson Sumi Wiring India Ltd.,MSUMI,53.59,39.7,39.75,39.94,-0.28,0.78,NSE_EQ|INE0FS801015,39.56,2026-05-28T20:55:25.353396+05:30,39.39,Expecting value: line 1 column 1 (char 0),39.0,38.67,39.14,1.65,36.89,36.89,1.65
Financial Services,Motilal Oswal Financial Services Ltd.,MOTILALOFS,1097.1,894.1,861.1,844.86,-0.16,2.25,NSE_EQ|INE338I01027,871.31,2026-05-28T20:55:26.422027+05:30,873.95,Expecting value: line 1 column 1 (char 0),857.95,676.56,685.64,-0.53,653.0,689.1,-6.09
Information Technology,MphasiS Ltd.,MPHASIS,3659.75,2232.9,2220.23,2220.65,0.81,-1.69,NSE_EQ|INE356A01018,2234.19,2026-05-28T20:55:27.503532+05:30,2270.7,Expecting value: line 1 column 1 (char 0),2200.0,2159.55,2190.13,1.75,2079.9,2079.9,1.75
Financial Services,Multi Commodity Exchange of India Ltd.,MCX,3480.0,3158.5,3265.53,3178.15,-0.66,-4.86,NSE_EQ|INE745G01043,3264.21,2026-05-28T20:55:28.560209+05:30,3312.0,Expecting value: line 1 column 1 (char 0),3398.6,2435.33,2432.12,0.79,2400.0,2427.0,-0.33
Financial Services,Muthoot Finance Ltd.,MUTHOOTFIN,4149.5,3306.9,3341.75,3380.38,-0.42,-0.85,NSE_EQ|INE414G01012,3320.63,2026-05-28T20:55:29.650871+05:30,3334.9,Expecting value: line 1 column 1 (char 0),3321.1,3269.7,3297.17,-1.1,3190.0,0.0,0.0
Healthcare,NATCO Pharma Ltd.,NATCOPHARM,1639.0,1175.8,1170.66,1154.31,0.68,-1.21,NSE_EQ|INE987B01026,1175.06,2026-05-28T20:55:30.692492+05:30,1190.0,,1130.9,953.61,949.63,-1.08,960.0,0.0,0.0
Construction,NBCC (India) Ltd.,NBCC,139.84,99.1,95.42,94.45,-2.55,3.58,NSE_EQ|INE095N01031,96.39,2026-05-28T20:55:31.760589+05:30,95.55,Expecting value: line 1 column 1 (char 0),95.68,84.64,85.77,-1.28,82.9,0.0,0.0
Construction,NCC Ltd.,NCC,364.5,152.15,152.47,155.08,-0.71,1.08,NSE_EQ|INE868B01028,150.68,2026-05-28T20:55:32.769028+05:30,150.5,Expecting value: line 1 column 1 (char 0),147.6,140.79,141.85,-2.82,140.0,140.0,-2.82
Power,NHPC Ltd.,NHPC,118.4,80.68,79.23,79.5,-0.74,2.69,NSE_EQ|INE848E01016,79.34,2026-05-28T20:55:33.779151+05:30,78.51,Expecting value: line 1 column 1 (char 0),78.7,76.08,76.05,-0.34,76.8,75.2,1.75
Power,NLC India Ltd.,NLCINDIA,387.8,349.9,344.78,335.31,-0.55,1.11,NSE_EQ|INE589A01014,346.94,2026-05-28T20:55:34.809589+05:30,346.0,Expecting value: line 1 column 1 (char 0),0.0,260.71,260.4,-2.7,266.35,260.0,-0.25
Metals & Mining,NMDC Ltd.,NMDC,95.44,92.28,90.02,89.33,0.19,1.12,NSE_EQ|INE584A01023,90.54,2026-05-28T20:55:35.868673+05:30,91.25,Expecting value: line 1 column 1 (char 0),88.51,78.56,78.82,-2.58,78.75,78.59,-2.37
Metals & Mining,NMDC Steel Ltd.,NSLNISP,73.7,46.01,44.44,43.61,0.53,0.85,NSE_EQ|INE0NNS01018,45.04,2026-05-28T20:55:36.929100+05:30,45.62,Expecting value: line 1 column 1 (char 0),44.32,36.6,37.01,-4.55,36.5,39.2,-12.29
Power,NTPC Green Energy Ltd.,NTPCGREEN,155.35,104.33,105.32,106.33,0.99,0.89,NSE_EQ|INE0ONG01011,104.17,2026-05-28T20:55:37.977341+05:30,103.4,Expecting value: line 1 column 1 (char 0),0.0,95.9,95.31,-5.01,100.49,100.0,-4.49
Power,NTPC Ltd.,NTPC,448.45,398.15,392.46,392.8,-0.27,1.96,NSE_EQ|INE733E01010,392.7,2026-05-28T20:55:39.028476+05:30,390.35,Expecting value: line 1 column 1 (char 0),386.1,377.88,376.92,-0.41,377.1,373.0,0.68
Healthcare,Narayana Hrudayalaya Ltd.,NH,2370.2,1920.2,1888.31,1858.62,-2.52,1.05,NSE_EQ|INE410P01011,1904.81,2026-05-28T20:55:40.085392+05:30,1900.0,Expecting value: line 1 column 1 (char 0),1879.0,1686.27,1698.62,0.69,1644.0,0.0,0.0
Metals & Mining,National Aluminium Co. Ltd.,NATIONALUM,445.15,433.05,411.92,410.46,2.39,2.74,NSE_EQ|INE139A01034,416.71,2026-05-28T20:55:41.116097+05:30,421.2,Expecting value: line 1 column 1 (char 0),406.25,365.71,365.63,-0.8,357.5,345.0,2.72
Power,Nava Ltd.,NAVA,739.4,615.0,626.48,639.29,-0.69,0.0,NSE_EQ|INE725A01030,615.02,2026-05-28T20:55:42.136257+05:30,615.0,Expecting value: line 1 column 1 (char 0),607.0,560.36,560.74,2.98,545.15,545.15,2.98
Chemicals,Navin Fluorine International Ltd.,NAVINFLUOR,7525.0,7244.5,7165.41,7004.63,-0.78,-2.15,NSE_EQ|INE048G01026,7256.5,2026-05-28T20:55:43.210772+05:30,7400.0,Expecting value: line 1 column 1 (char 0),7195.0,6216.74,6225.34,2.0,6061.0,6061.0,2.0
Fast Moving Consumer Goods,Nestle India Ltd.,NESTLEIND,1498.1,1427.5,1429.06,1421.85,0.77,-0.32,NSE_EQ|INE239A01024,1424.83,2026-05-28T20:55:44.238043+05:30,1432.0,Expecting value: line 1 column 1 (char 0),1400.0,1208.46,1216.5,-0.49,1189.0,0.0,0.0
Information Technology,Netweb Technologies India Ltd.,NETWEB,4492.0,4072.0,3913.96,3906.14,0.3,5.21,NSE_EQ|INE0NT901020,3921.63,2026-05-28T20:55:45.304478+05:30,3860.0,Expecting value: line 1 column 1 (char 0),3717.0,3264.01,3276.65,-1.44,3245.0,3170.0,0.9
Healthcare,Neuland Laboratories Ltd.,NEULANDLAB,19747.0,16772.0,16728.78,16385.36,1.59,-2.42,NSE_EQ|INE794A01010,16807.11,2026-05-28T20:55:46.366603+05:30,17178.0,Expecting value: line 1 column 1 (char 0),16800.0,12236.98,12339.88,1.67,11801.0,11801.0,1.67
Information Technology,Newgen Software Technologies Ltd.,NEWGEN,1798.9,438.05,449.14,458.92,0.23,0.42,NSE_EQ|INE619B01017,440.78,2026-05-28T20:55:47.411385+05:30,436.2,Expecting value: line 1 column 1 (char 0),0.0,452.57,462.87,-0.46,435.0,0.0,0.0
Financial Services,Nippon Life India Asset Management Ltd.,NAM-INDIA,1125.0,1088.9,1085.76,1066.2,-0.39,-0.1,NSE_EQ|INE298J01013,1090.59,2026-05-28T20:55:48.486229+05:30,1090.0,Expecting value: line 1 column 1 (char 0),1076.9,853.22,857.66,2.92,823.0,823.0,2.92
Financial Services,Niva Bupa Health Insurance Company Ltd.,NIVABUPA,109.34,83.61,82.94,81.53,-0.02,-0.56,NSE_EQ|INE995S01015,83.66,2026-05-28T20:55:49.590635+05:30,84.08,Expecting value: line 1 column 1 (char 0),83.98,70.74,71.31,-1.24,69.49,70.0,-1.98
Financial Services,Nuvama Wealth Management Ltd.,NUVAMA,1701.5,1537.2,1496.62,1465.4,0.56,1.55,NSE_EQ|INE531F01023,1510.67,2026-05-28T20:55:50.645651+05:30,1513.4,Expecting value: line 1 column 1 (char 0),1480.1,1175.13,1187.42,0.96,1140.0,1188.8,-3.28
Construction Materials,Nuvoco Vistas Corporation Ltd.,NUVOCO,577.9,332.0,323.58,318.61,1.11,0.47,NSE_EQ|INE118D01016,326.68,2026-05-28T20:55:51.702809+05:30,330.45,Expecting value: line 1 column 1 (char 0),323.85,295.64,299.16,1.42,285.5,285.5,1.42
Realty,Oberoi Realty Ltd.,OBEROIRLTY,2343.65,1691.8,1667.36,1658.75,-1.19,-0.48,NSE_EQ|INE093I01010,1680.67,2026-05-28T20:55:52.744621+05:30,1700.0,Expecting value: line 1 column 1 (char 0),1671.1,1459.16,1466.3,1.65,1420.0,1420.0,1.65
Oil Gas & Consumable Fuels,Oil & Natural Gas Corporation Ltd.,ONGC,345.0,274.05,288.38,289.36,0.83,-3.7,NSE_EQ|INE213A01029,284.68,2026-05-28T20:55:53.795400+05:30,284.2,Expecting value: line 1 column 1 (char 0),294.8,268.37,268.33,0.28,267.3,0.0,0.0
Oil Gas & Consumable Fuels,Oil India Ltd.,OIL,767.9,488.0,493.5,489.85,1.46,-0.68,NSE_EQ|INE274J01014,492.31,2026-05-28T20:55:54.828308+05:30,491.3,Expecting value: line 1 column 1 (char 0),484.9,476.59,476.02,0.46,475.75,474.95,0.63
Automobile and Auto Components,Ola Electric Mobility Ltd.,OLAELEC,157.4,39.24,37.04,36.33,-0.82,4.13,NSE_EQ|INE0LXG01040,37.71,2026-05-28T20:55:55.900593+05:30,37.62,Expecting value: line 1 column 1 (char 0),36.49,24.26,24.72,-5.25,24.47,0.0,0.0
Automobile and Auto Components,Olectra Greentech Ltd.,OLECTRA,2221.95,1227.8,1230.26,1229.95,0.89,-0.34,NSE_EQ|INE260D01016,1224.41,2026-05-28T20:55:56.944370+05:30,1232.0,Expecting value: line 1 column 1 (char 0),0.0,1028.72,1023.72,-0.9,1080.0,0.0,0.0
Financial Services,One 97 Communications Ltd.,PAYTM,1955.0,1128.2,1128.9,1129.41,2.49,-1.05,NSE_EQ|INE982J01020,1125.65,2026-05-28T20:55:57.967600+05:30,1140.0,Expecting value: line 1 column 1 (char 0),1103.4,1044.86,1053.44,-0.09,1036.0,0.0,0.0
Healthcare,Onesource Specialty Pharma Ltd.,ONESOURCE,2248.0,1782.0,1813.85,1783.68,0.31,-2.24,NSE_EQ|INE013P01021,1809.15,2026-05-28T20:55:59.029943+05:30,1821.9,Expecting value: line 1 column 1 (char 0),1848.0,1387.08,1388.87,-7.55,1415.5,1432.6,-8.85
Information Technology,Oracle Financial Services Software Ltd.,OFSS,13220.0,10299.5,9689.22,9379.23,1.73,3.39,NSE_EQ|INE881D01027,9893.2,2026-05-28T20:56:00.069593+05:30,9950.0,Expecting value: line 1 column 1 (char 0),9711.5,6644.29,6684.25,1.75,6490.0,6490.0,1.75
Financial Services,PB Fintech Ltd.,POLICYBZR,2246.9,1784.8,1767.0,1723.83,0.08,-0.24,NSE_EQ|INE417T01026,1786.94,2026-05-28T20:56:01.095977+05:30,1789.0,Expecting value: line 1 column 1 (char 0),1771.2,1472.69,1478.76,-1.61,1485.0,1433.0,1.94
Chemicals,PCBL Chemical Ltd.,PCBL,584.4,287.5,288.2,287.48,-1.52,-0.87,NSE_EQ|INE602A01031,288.97,2026-05-28T20:56:02.142180+05:30,290.0,Expecting value: line 1 column 1 (char 0),288.9,252.28,256.74,-3.84,242.1,0.0,0.0
Consumer Durables,PG Electroplast Ltd.,PGEL,1054.2,476.05,476.9,491.08,-0.87,1.91,NSE_EQ|INE457L01029,471.25,2026-05-28T20:56:03.163929+05:30,466.95,Expecting value: line 1 column 1 (char 0),0.0,527.64,535.13,0.34,500.0,504.15,-0.49
Chemicals,PI Industries Ltd.,PIIND,4804.05,2847.3,2906.43,2957.46,-0.28,0.12,NSE_EQ|INE603J01030,2856.52,2026-05-28T20:57:53.448122+05:30,2844.0,,2794.9,2888.57,2916.23,-3.88,2866.0,2982.3,-8.09
Financial Services,PNB Housing Finance Ltd.,PNBHOUSING,1422.65,1077.9,1069.91,1048.34,0.78,-1.4,NSE_EQ|INE572E01012,1076.84,2026-05-28T20:57:54.523214+05:30,1093.0,,1064.8,788.52,792.99,-0.48,786.0,763.0,2.46
Capital Goods,PTC Industries Ltd.,PTCIL,19387.0,16645.0,16351.51,16358.47,1.46,-0.32,NSE_EQ|INE596F01018,16378.31,2026-05-28T20:57:55.559280+05:30,16699.0,,16290.0,17087.68,17184.39,-4.34,17221.0,16999.0,-2.99
Media Entertainment & Publication,PVR INOX Ltd.,PVRINOX,2214.85,961.9,989.88,1001.0,-1.78,-0.79,NSE_EQ|INE191H01014,975.86,2026-05-28T20:57:56.594353+05:30,969.5,,0.0,976.36,981.53,-4.2,986.0,1000.0,-5.67
Textiles,Page Industries Ltd.,PAGEIND,54349.1,38145.0,38043.81,37531.25,-0.77,-0.12,NSE_EQ|INE761H01022,38322.74,2026-05-28T20:57:57.659679+05:30,38190.0,,0.0,31943.52,32019.8,1.26,31845.0,31845.0,1.26
Fast Moving Consumer Goods,Patanjali Foods Ltd.,PATANJALI,670.3,454.75,461.48,461.6,-0.27,-2.46,NSE_EQ|INE619A01035,461.66,2026-05-28T20:57:58.697967+05:30,465.95,,0.0,482.84,486.54,0.38,471.0,0.0,0.0
Information Technology,Persistent Systems Ltd.,PERSISTENT,6788.9,5098.4,5014.88,4995.88,1.33,-0.03,NSE_EQ|INE262H01021,5056.51,2026-05-28T20:57:59.750682+05:30,5100.0,,5038.0,4853.88,4897.37,4.58,4688.8,4688.8,4.58
Oil Gas & Consumable Fuels,Petronet LNG Ltd.,PETRONET,384.2,278.8,274.69,273.97,-0.25,-0.48,NSE_EQ|INE347G01014,276.79,2026-05-28T20:58:00.792225+05:30,280.15,,275.0,264.68,269.0,-2.42,247.75,308.0,-27.33
Healthcare,Pfizer Ltd.,PFIZER,6451.15,4622.6,4695.06,4727.66,-1.23,-1.0,NSE_EQ|INE182A01018,4662.2,2026-05-28T20:58:01.806683+05:30,4669.0,,0.0,4739.73,4753.04,-2.04,4770.0,4600.0,1.59
Realty,Phoenix Mills Ltd.,PHOENIXLTD,2068.5,1771.8,1775.27,1768.17,-1.36,-0.73,NSE_EQ|INE211B01039,1779.73,2026-05-28T20:58:02.862653+05:30,1784.8,,1749.0,1558.92,1574.68,-0.32,1513.9,0.0,0.0
Chemicals,Pidilite Industries Ltd.,PIDILITIND,1707.5,1479.0,1466.78,1447.67,0.09,0.4,NSE_EQ|INE318A01026,1475.14,2026-05-28T20:58:03.902326+05:30,1473.1,,1440.0,1363.15,1373.8,-0.06,1333.0,1464.9,-9.96
Healthcare,Piramal Pharma Ltd.,PPLPHARMA,307.9,174.24,175.79,172.27,-0.64,-2.67,NSE_EQ|INE0DK501011,176.43,2026-05-28T20:58:04.927799+05:30,178.9,,176.1,141.51,143.37,-0.68,137.0,0.0,0.0
Healthcare,Poly Medicure Ltd.,POLYMED,3357.8,1330.3,1487.21,1504.24,-4.18,-8.25,NSE_EQ|INE205C01021,1448.47,2026-05-28T20:58:05.937600+05:30,1440.0,,1555.1,1264.96,1277.51,1.37,1227.2,1227.2,1.37
Capital Goods,Polycab India Ltd.,POLYCAB,9696.0,9664.0,9303.13,8997.27,2.54,0.52,NSE_EQ|INE455K01017,9473.92,2026-05-28T20:58:06.950731+05:30,9613.5,,9369.5,7357.5,7417.95,-0.5,7100.0,8400.0,-18.9
Financial Services,Poonawalla Fincorp Ltd.,POONAWALLA,570.4,394.5,404.53,411.44,-1.11,-0.86,NSE_EQ|INE511C01022,398.31,2026-05-28T20:58:07.967584+05:30,397.9,,0.0,401.27,406.32,-2.22,389.9,0.0,0.0
Financial Services,Power Finance Corporation Ltd.,PFC,580.0,433.5,436.75,440.76,-1.52,0.35,NSE_EQ|INE134E01011,434.17,2026-05-28T20:58:08.964781+05:30,432.0,,0.0,404.83,404.59,-1.05,402.95,404.2,-1.37
Power,Power Grid Corporation of India Ltd.,POWERGRID,366.25,300.15,299.31,302.93,-0.84,2.72,NSE_EQ|INE752E01010,297.23,2026-05-28T20:58:09.974000+05:30,292.0,,0.0,297.92,296.86,0.33,298.0,290.0,3.01
Capital Goods,Praj Industries Ltd.,PRAJIND,875.0,383.8,387.76,385.3,-0.29,-2.92,NSE_EQ|INE074A01025,388.27,2026-05-28T20:58:10.980709+05:30,395.0,,0.0,310.64,310.02,0.51,311.0,304.5,2.59
Capital Goods,Premier Energies Ltd.,PREMIERENE,1388.0,1046.0,1005.35,998.42,0.87,2.1,NSE_EQ|INE0BS701011,1014.49,2026-05-28T20:58:11.969762+05:30,1024.0,,994.2,835.42,824.35,4.31,851.0,851.0,4.31
Realty,Prestige Estates Projects Ltd.,PRESTIGE,2074.8,1399.8,1393.21,1390.15,0.06,-0.37,NSE_EQ|INE811K01011,1395.42,2026-05-28T20:58:13.013468+05:30,1405.0,,1366.0,1267.14,1287.77,-1.79,1226.0,0.0,0.0
Fast Moving Consumer Goods,Procter & Gamble Hygiene & Health Care Ltd.,PGHH,19250.0,10115.0,9803.21,9842.35,2.17,-1.83,NSE_EQ|INE179A01014,9854.22,2026-05-28T20:58:14.110700+05:30,10300.0,Expecting value: line 1 column 1 (char 0),9659.0,10086.19,10261.49,-2.22,9707.0,0.0,0.0
Financial Services,Punjab National Bank,PNB,231.45,106.67,104.6,105.58,-0.21,0.72,NSE_EQ|INE160A01022,105.13,2026-05-28T20:58:15.207103+05:30,105.9,Expecting value: line 1 column 1 (char 0),103.6,112.46,113.76,-3.11,110.6,0.0,0.0
Capital Goods,R R Kabel Ltd.,RRKABEL,2049.0,1951.0,1943.96,1867.36,-1.4,-1.9,NSE_EQ|INE777K01022,1961.42,2026-05-28T20:58:16.263095+05:30,1988.0,Expecting value: line 1 column 1 (char 0),1914.0,1393.54,1401.91,-1.83,1379.8,1339.1,1.17
Financial Services,RBL Bank Ltd.,RBLBANK,716.4,348.25,337.45,333.18,-0.16,1.15,NSE_EQ|INE976G01028,341.43,2026-05-28T20:58:17.303676+05:30,344.25,Expecting value: line 1 column 1 (char 0),329.0,299.75,300.92,0.84,294.1,0.0,0.0
Financial Services,REC Ltd.,RECLTD,654.0,339.7,340.45,344.88,-1.9,0.79,NSE_EQ|INE020B01018,338.71,2026-05-28T20:58:18.346976+05:30,337.0,Expecting value: line 1 column 1 (char 0),0.0,330.56,333.13,-2.07,327.45,0.0,0.0
Capital Goods,RHI MAGNESITA INDIA LTD.,RHIM,892.9,414.4,399.98,398.13,0.89,1.74,NSE_EQ|INE743M01012,404.18,2026-05-28T20:58:19.401954+05:30,407.2,Expecting value: line 1 column 1 (char 0),395.05,372.15,379.02,-5.11,362.25,0.0,0.0
Construction,RITES Ltd.,RITES,413.0,205.96,207.87,210.46,-1.57,-0.02,NSE_EQ|INE320J01015,206.0,2026-05-28T20:53:21.004832+05:30,206.0,Expecting value: line 1 column 1 (char 0),204.88,195.88,198.28,-1.24,191.01,0.0,0.0
Fast Moving Consumer Goods,Radico Khaitan Ltd,RADICO,3679.0,3439.3,3511.28,3440.48,0.71,-4.79,NSE_EQ|INE944F01028,3517.66,2026-05-28T20:53:22.061339+05:30,3604.0,Expecting value: line 1 column 1 (char 0),0.0,2690.73,2702.48,-0.26,2650.0,2736.0,-3.51
Construction,Rail Vikas Nigam Ltd.,RVNL,647.0,252.3,270.51,278.38,-1.62,-2.95,NSE_EQ|INE415G01027,263.2,2026-05-28T20:53:23.121088+05:30,259.75,Expecting value: line 1 column 1 (char 0),0.0,271.6,276.05,-0.87,260.7,313.0,-21.11
Telecommunication,Railtel Corporation Of India Ltd.,RAILTEL,617.8,324.3,323.96,323.23,-0.77,-0.37,NSE_EQ|INE0DD101019,323.81,2026-05-28T20:53:24.168602+05:30,325.5,Expecting value: line 1 column 1 (char 0),322.05,276.97,281.76,-3.11,270.15,0.0,0.0
Healthcare,Rainbow Childrens Medicare Ltd.,RAINBOW,1709.6,1377.1,1345.94,1320.31,0.64,1.17,NSE_EQ|INE961O01016,1360.75,2026-05-28T20:53:25.256524+05:30,1361.0,Expecting value: line 1 column 1 (char 0),0.0,1147.31,1151.82,3.75,1105.0,1105.0,3.75
Automobile and Auto Components,Ramkrishna Forgings Ltd.,RKFORGE,1064.05,568.0,570.87,572.68,-0.47,-0.19,NSE_EQ|INE399G01023,567.69,2026-05-28T20:53:26.293805+05:30,569.1,Expecting value: line 1 column 1 (char 0),556.8,512.93,518.03,-3.38,497.55,0.0,0.0
Chemicals,Rashtriya Chemicals & Fertilizers Ltd.,RCF,245.0,132.68,128.86,127.93,1.21,0.51,NSE_EQ|INE027A01015,130.47,2026-05-28T20:53:27.361489+05:30,132.0,Expecting value: line 1 column 1 (char 0),130.49,117.74,118.94,-0.98,115.1,0.0,0.0
Services,Redington Ltd.,REDINGTON,334.8,222.8,221.66,220.85,0.28,-0.83,NSE_EQ|INE891D01026,222.74,2026-05-28T20:53:28.414425+05:30,224.65,Expecting value: line 1 column 1 (char 0),221.0,225.95,230.16,-2.33,215.0,0.0,0.0
Oil Gas & Consumable Fuels,Reliance Industries Ltd.,RELIANCE,1611.8,1350.5,1358.23,1366.14,-0.28,-0.19,NSE_EQ|INE002A01018,1354.42,2026-05-28T20:53:29.481001+05:30,1353.0,Expecting value: line 1 column 1 (char 0),1318.7,1407.24,1407.85,0.84,1400.0,1380.0,2.25
Power,Reliance Infrastructure Ltd.,RELINFRA,635.7,72.51,79.49,86.91,-3.38,-6.19,NSE_EQ|INE036A01016,75.69,2026-03-24T22:12:47.082585,77.0,Expecting value: line 1 column 1 (char 0),77.88,81.59,84.84,-4.92,76.08,0.0,0.0
Power,Reliance Power Ltd.,RPOWER,76.49,27.65,27.26,27.39,-0.22,3.62,NSE_EQ|INE614G01033,27.16,2026-05-28T20:53:31.405514+05:30,26.65,Expecting value: line 1 column 1 (char 0),26.7,22.51,22.93,-5.37,22.55,22.0,-2.8
Financial Services,SBFC Finance Ltd.,SBFC,123.0,90.77,91.86,92.38,-1.37,-1.13,NSE_EQ|INE423Y01016,91.52,2026-05-28T20:53:32.427100+05:30,91.8,Expecting value: line 1 column 1 (char 0),0.0,88.08,88.97,-1.88,86.0,0.0,0.0
Financial Services,SBI Cards and Payment Services Ltd.,SBICARD,1165.0,625.25,627.99,635.95,-0.21,-0.48,NSE_EQ|INE018E01016,626.1,2026-05-28T20:53:33.448625+05:30,628.25,Expecting value: line 1 column 1 (char 0),0.0,699.25,707.17,-0.73,678.4,0.0,0.0
Financial Services,SBI Life Insurance Company Ltd.,SBILIFE,2132.0,1864.5,1870.91,1867.61,-1.15,-0.99,NSE_EQ|INE123W01016,1874.66,2026-05-28T20:53:34.511020+05:30,1883.0,Expecting value: line 1 column 1 (char 0),1881.5,1896.08,1910.05,-2.12,1875.0,0.0,0.0
Power,SJVN Ltd.,SJVN,170.5,75.52,74.8,75.4,-0.54,2.29,NSE_EQ|INE002L01015,74.47,2026-05-28T20:53:35.631675+05:30,73.79,Expecting value: line 1 column 1 (char 0),0.0,69.39,69.9,-4.57,69.99,69.0,-3.09
Chemicals,SRF Ltd.,SRF,3325.0,2736.8,2688.13,2657.8,0.72,-1.14,NSE_EQ|INE647A01010,2707.3,2026-05-28T20:53:36.683537+05:30,2768.0,Expecting value: line 1 column 1 (char 0),2661.0,2513.72,2536.5,1.28,2440.0,2440.0,1.28
Information Technology,Sagility Ltd.,SAGILITY,57.89,41.36,41.83,41.99,0.19,-0.94,NSE_EQ|INE0W2G01015,41.61,2026-05-28T20:53:37.729364+05:30,41.75,Expecting value: line 1 column 1 (char 0),0.0,38.85,39.47,-3.16,38.5,38.16,-2.25
Healthcare,Sai Life Sciences Ltd.,SAILIFE,1184.8,1132.0,1127.95,1104.51,-2.54,-0.8,NSE_EQ|INE570L01029,1137.56,2026-05-28T20:53:38.755720+05:30,1141.0,Expecting value: line 1 column 1 (char 0),1125.4,988.4,982.68,0.92,990.0,953.1,4.61
Financial Services,Sammaan Capital Ltd.,SAMMAANCAP,1283.6,173.32,157.78,152.58,0.42,2.95,NSE_EQ|INE148I01020,164.69,2026-05-28T20:53:39.787722+05:30,168.2,Expecting value: line 1 column 1 (char 0),163.6,140.27,140.92,1.81,136.0,136.0,1.81
Automobile and Auto Components,Samvardhana Motherson International Ltd.,MOTHERSON,146.7,142.41,134.59,131.05,-0.49,4.5,NSE_EQ|INE775A01035,137.4,2026-05-28T20:53:40.826264+05:30,136.0,Expecting value: line 1 column 1 (char 0),130.25,114.84,115.86,0.12,111.0,130.0,-16.98
Consumer Services,Sapphire Foods India Ltd.,SAPPHIRE,401.0,182.1,182.31,181.31,0.74,-1.12,NSE_EQ|INE806T01020,182.88,2026-05-28T20:53:41.890395+05:30,184.14,Expecting value: line 1 column 1 (char 0),182.09,169.16,173.24,1.24,156.47,156.47,1.24
Metals & Mining,Sarda Energy and Minerals Ltd.,SARDAEN,639.75,521.55,547.73,556.91,-2.06,-2.17,NSE_EQ|INE385C01021,538.5,2026-05-28T20:53:42.977884+05:30,532.85,Expecting value: line 1 column 1 (char 0),535.5,519.25,519.85,2.28,501.0,501.0,2.28
Media Entertainment & Publication,Saregama India Ltd,SAREGAMA,688.9,417.3,395.45,380.81,-0.49,4.51,NSE_EQ|INE979A01025,404.21,2026-05-28T20:53:44.062400+05:30,398.5,Expecting value: line 1 column 1 (char 0),393.9,339.49,339.28,0.66,337.6,0.0,0.0
Automobile and Auto Components,Schaeffler India Ltd.,SCHAEFFLER,4951.0,4157.7,4109.13,4106.26,2.23,-1.26,NSE_EQ|INE513A01022,4127.52,2026-05-28T20:53:45.121559+05:30,4210.0,Expecting value: line 1 column 1 (char 0),4102.7,4043.52,4038.43,-4.43,4155.0,4170.0,-4.8
Capital Goods,Schneider Electric Infrastructure Ltd.,SCHNEIDER,1417.8,1377.6,1324.07,1276.82,-0.04,-1.4,NSE_EQ|INE839M01018,1350.92,2026-05-28T20:53:46.200474+05:30,1396.9,Expecting value: line 1 column 1 (char 0),1328.0,888.16,881.92,2.26,875.1,875.1,2.26
Services,Shipping Corporation of India Ltd.,SCI,384.2,303.45,316.67,314.18,1.33,-1.53,NSE_EQ|INE109A01011,311.05,2026-05-28T20:53:47.273244+05:30,308.1,Expecting value: line 1 column 1 (char 0),303.95,235.96,236.81,-0.04,230.4,234.0,-1.61
Construction Materials,Shree Cement Ltd.,SHREECEM,32490.0,25365.0,24993.61,24918.16,-0.69,-0.1,NSE_EQ|INE070A01015,25115.3,2026-05-28T20:53:48.355438+05:30,25390.0,Expecting value: line 1 column 1 (char 0),24950.0,23878.89,24109.14,-0.47,23495.0,22970.0,1.77
Financial Services,Shriram Finance Ltd.,SHRIRAMFIN,1108.0,963.2,948.09,954.74,-0.93,1.68,NSE_EQ|INE721A01047,951.06,2026-05-28T20:53:49.461126+05:30,947.05,Expecting value: line 1 column 1 (char 0),916.25,954.92,964.64,-2.92,930.0,957.5,-5.97
Capital Goods,Shyam Metalics and Energy Ltd.,SHYAMMETL,1001.0,976.05,936.79,910.05,1.74,-0.92,NSE_EQ|INE810G01011,959.04,2026-05-28T20:53:50.518511+05:30,985.0,Expecting value: line 1 column 1 (char 0),962.05,796.22,800.21,1.7,774.0,774.0,1.7
Capital Goods,Siemens Energy India Ltd.,ENRIN,3821.0,3766.1,3443.06,3316.78,-3.68,7.84,NSE_EQ|INE1NPP01017,3559.58,2026-05-28T20:53:51.589843+05:30,3470.7,Expecting value: line 1 column 1 (char 0),3485.0,2765.23,2766.04,-1.9,2751.2,2840.0,-5.19
Capital Goods,Siemens Ltd.,SIEMENS,8129.9,3878.7,3717.54,3686.3,-0.23,7.97,NSE_EQ|INE003A01024,3751.83,2026-05-28T20:53:52.660521+05:30,3569.7,Expecting value: line 1 column 1 (char 0),3720.6,3116.83,3129.78,-3.6,3110.0,0.0,0.0
Realty,Signatureglobal (India) Ltd.,SIGNATURE,1647.0,801.4,825.87,837.35,-1.36,-0.07,NSE_EQ|INE903U01023,812.09,2026-05-28T20:53:53.710855+05:30,802.0,Expecting value: line 1 column 1 (char 0),0.0,801.27,819.31,-2.21,758.05,0.0,0.0
Realty,Sobha Ltd.,SOBHA,2220.0,1395.0,1396.59,1393.56,1.66,-2.27,NSE_EQ|INE671H01015,1397.08,2026-05-28T20:53:54.735225+05:30,1426.7,Expecting value: line 1 column 1 (char 0),1395.4,1278.91,1298.08,-3.68,1250.0,1321.0,-9.57
Chemicals,Solar Industries India Ltd.,SOLARINDS,18799.0,18653.0,17929.41,17129.48,0.55,1.23,NSE_EQ|INE343H01029,18373.6,2026-05-28T20:53:55.762606+05:30,18424.0,Expecting value: line 1 column 1 (char 0),0.0,13206.53,13277.47,-2.65,12887.0,0.0,0.0
Automobile and Auto Components,Sona BLW Precision Forgings Ltd.,SONACOMS,839.9,618.7,595.39,587.13,2.86,1.08,NSE_EQ|INE073K01018,603.17,2026-05-28T20:53:56.806717+05:30,612.0,Expecting value: line 1 column 1 (char 0),590.6,501.7,502.81,-0.83,498.8,484.0,2.16
Information Technology,Sonata Software Ltd.,SONATSOFTW,870.0,265.75,268.75,267.48,-1.5,-2.45,NSE_EQ|INE269A01021,268.52,2026-05-28T20:53:57.820782+05:30,272.25,Expecting value: line 1 column 1 (char 0),269.05,240.07,244.98,-3.38,235.5,0.0,0.0
Financial Services,Star Health and Allied Insurance Company Ltd.,STARHEALTH,1200.0,524.65,520.05,515.05,-0.32,-0.45,NSE_EQ|INE575P01011,523.04,2026-05-28T20:53:58.845214+05:30,527.0,Expecting value: line 1 column 1 (char 0),513.5,456.79,457.13,1.13,450.35,450.35,1.13
Financial Services,State Bank of India,SBIN,1234.7,967.8,969.62,992.25,-0.14,-0.21,NSE_EQ|INE062A01020,964.01,2026-05-28T20:53:59.895872+05:30,969.8,Expecting value: line 1 column 1 (char 0),959.9,1067.29,1074.69,-0.8,1039.0,0.0,0.0
Metals & Mining,Steel Authority of India Ltd.,SAIL,209.7,206.06,198.6,192.64,2.69,0.03,NSE_EQ|INE114A01011,201.99,2026-05-28T20:54:00.963318+05:30,205.99,Expecting value: line 1 column 1 (char 0),198.35,151.36,152.02,-5.02,153.04,148.97,-2.22
Chemicals,Sumitomo Chemical India Ltd.,SUMICHEM,665.0,495.5,474.98,464.68,1.25,1.3,NSE_EQ|INE258G01013,482.9,2026-05-28T20:54:02.032323+05:30,489.05,Expecting value: line 1 column 1 (char 0),482.95,386.41,388.91,-1.02,383.0,379.75,-0.16
Healthcare,Sun Pharmaceutical Industries Ltd.,SUNPHARMA,1960.35,1844.3,1852.78,1834.62,0.59,-1.12,NSE_EQ|INE044A01036,1850.48,2026-05-28T20:54:03.077117+05:30,1865.0,Expecting value: line 1 column 1 (char 0),0.0,1764.8,1761.63,-1.23,1774.8,1772.9,-1.12
Media Entertainment & Publication,Sun TV Network Ltd.,SUNTV,1097.8,512.9,515.83,537.22,-0.16,3.61,NSE_EQ|INE424H01027,505.43,2026-05-28T20:54:04.126030+05:30,494.4,Expecting value: line 1 column 1 (char 0),0.0,599.57,597.2,3.79,592.95,592.95,3.79
Financial Services,Sundaram Finance Ltd.,SUNDARMFIN,5642.0,4354.6,4467.43,4555.76,-2.71,0.65,NSE_EQ|INE660A01013,4399.79,2026-05-28T20:54:05.205058+05:30,4326.5,Expecting value: line 1 column 1 (char 0),0.0,4882.3,4932.39,1.07,4615.0,4615.0,1.07
Automobile and Auto Components,Sundram Fasteners Ltd.,SUNDRMFAST,1505.95,873.95,854.31,846.61,0.71,0.66,NSE_EQ|INE387A01021,861.29,2026-05-28T20:54:06.249037+05:30,868.2,Expecting value: line 1 column 1 (char 0),838.1,822.4,830.89,-2.07,812.95,0.0,0.0
Capital Goods,Supreme Industries Ltd.,SUPREMEIND,6460.0,3634.4,3562.53,3582.58,-1.07,2.68,NSE_EQ|INE195A01028,3579.26,2026-05-28T20:54:07.280987+05:30,3537.0,Expecting value: line 1 column 1 (char 0),3565.3,3820.78,3820.82,-1.34,3804.8,3880.0,-3.35
Capital Goods,Suzlon Energy Ltd.,SUZLON,86.04,57.53,54.37,53.58,1.72,4.66,NSE_EQ|INE040H01021,55.08,2026-05-28T20:54:08.335449+05:30,54.85,Expecting value: line 1 column 1 (char 0),53.64,41.69,42.0,-1.75,41.76,41.49,-1.1
Chemicals,Swan Corp Ltd.,SWANCORP,809.8,321.45,321.89,326.29,-0.88,1.35,NSE_EQ|INE665A01038,320.26,2026-05-28T20:54:09.376991+05:30,317.1,Expecting value: line 1 column 1 (char 0),309.8,339.37,345.75,3.89,312.8,312.8,3.89
Consumer Services,Swiggy Ltd.,SWIGGY,617.3,270.65,258.55,262.76,1.52,5.82,NSE_EQ|INE00H001014,258.83,2026-05-28T20:54:10.440850+05:30,254.9,Expecting value: line 1 column 1 (char 0),250.05,286.01,289.71,-0.58,277.35,279.65,-1.41
Healthcare,Syngene International Ltd.,SYNGENE,960.6,460.4,463.69,458.93,0.48,-1.63,NSE_EQ|INE398R01022,463.36,2026-05-28T20:54:11.466702+05:30,467.9,Expecting value: line 1 column 1 (char 0),0.0,412.16,417.45,-2.49,408.8,0.0,0.0
Capital Goods,Syrma SGS Technology Ltd.,SYRMA,1188.0,1053.8,1037.1,1020.13,-0.31,-0.29,NSE_EQ|INE0DYJ01015,1045.28,2026-05-28T20:54:12.512275+05:30,1056.9,Expecting value: line 1 column 1 (char 0),971.3,781.37,781.93,2.01,775.0,775.0,2.01
Consumer Services,TBO Tek Ltd.,TBOTEK,2001.0,1224.0,1203.94,1206.93,-0.4,1.88,NSE_EQ|INE673O01025,1209.74,2026-05-28T20:54:13.567167+05:30,1201.0,Expecting value: line 1 column 1 (char 0),1190.0,1124.9,1150.96,-0.07,1060.0,1170.0,-10.45
Automobile and Auto Components,TVS Motor Company Ltd.,TVSMOTOR,3970.0,3384.6,3429.75,3471.87,-0.42,-1.67,NSE_EQ|INE494B01023,3415.12,2026-05-28T20:54:14.597863+05:30,3441.0,Expecting value: line 1 column 1 (char 0),3380.0,3522.86,3545.94,1.14,3440.0,3440.0,1.14
Chemicals,Tata Chemicals Ltd.,TATACHEM,1349.0,774.55,762.38,755.94,1.78,-0.96,NSE_EQ|INE092A01019,767.26,2026-05-28T20:54:15.665965+05:30,782.0,Expecting value: line 1 column 1 (char 0),769.95,645.68,654.42,-1.78,618.9,690.0,-13.47
Telecommunication,Tata Communications Ltd.,TATACOMM,2175.0,1966.6,1846.15,1744.7,3.65,-2.16,NSE_EQ|INE151A01013,1929.67,2026-05-28T20:54:16.698220+05:30,2009.0,Expecting value: line 1 column 1 (char 0),1935.8,1441.49,1458.11,-0.21,1410.2,1400.0,0.52
Information Technology,Tata Consultancy Services Ltd.,TCS,4592.25,2284.2,2309.37,2345.43,-1.41,0.4,NSE_EQ|INE467B01029,2295.58,2026-05-28T20:54:17.746534+05:30,2275.0,,0.0,2458.45,2493.03,1.41,2365.0,2365.0,1.41
Fast Moving Consumer Goods,Tata Consumer Products Ltd.,TATACONSUM,1282.7,1204.6,1200.62,1191.03,-0.35,1.21,NSE_EQ|INE192A01025,1198.12,2026-05-28T20:54:18.804321+05:30,1190.0,Expecting value: line 1 column 1 (char 0),0.0,1074.12,1081.44,1.61,1036.1,1036.1,1.61
Information Technology,Tata Elxsi Ltd.,TATAELXSI,10760.0,4331.2,4258.81,4245.43,0.59,-0.32,NSE_EQ|INE670A01012,4299.06,2026-05-28T20:54:19.862034+05:30,4345.0,Expecting value: line 1 column 1 (char 0),4220.0,4300.91,4358.81,-0.23,4190.0,0.0,0.0
Financial Services,Tata Investment Corporation Ltd.,TATAINVEST,1185.0,682.85,679.81,682.47,2.29,-1.34,NSE_EQ|INE672A01026,680.53,2026-05-28T20:54:20.937213+05:30,692.0,Expecting value: line 1 column 1 (char 0),678.7,608.59,614.01,-2.43,598.0,620.0,-6.2
Automobile and Auto Components,Tata Motors Passenger Vehicles Ltd.,TMPV,1179.0,400.95,370.51,360.99,3.07,3.78,NSE_EQ|INE155A01022,381.16,2026-05-28T20:54:22.001766+05:30,385.8,Expecting value: line 1 column 1 (char 0),373.75,324.09,328.52,0.05,311.05,378.8,-21.72
Power,Tata Power Co. Ltd.,TATAPOWER,494.85,425.8,417.55,419.3,1.35,1.17,NSE_EQ|INE245A01021,418.5,2026-05-28T20:54:23.068719+05:30,420.8,Expecting value: line 1 column 1 (char 0),415.25,388.23,386.91,-4.67,402.7,395.55,-2.81
Metals & Mining,Tata Steel Ltd.,TATASTEEL,224.4,214.7,211.65,211.5,0.27,1.86,NSE_EQ|INE081A01020,211.65,2026-05-28T20:54:24.194314+05:30,210.7,Expecting value: line 1 column 1 (char 0),0.0,193.7,194.18,-1.16,193.0,210.0,-10.07
Information Technology,Tata Technologies Ltd.,TATATECH,1400.0,719.75,672.65,646.4,3.87,1.22,NSE_EQ|INE142M01025,692.96,2026-05-28T20:54:25.246133+05:30,711.0,Expecting value: line 1 column 1 (char 0),679.0,547.52,553.86,-0.05,530.65,568.0,-7.09
Telecommunication,Tata Teleservices (Maharashtra) Ltd.,TTML,290.15,43.07,42.61,42.55,0.35,0.39,NSE_EQ|INE517B01013,42.74,2026-05-28T20:54:26.323600+05:30,42.9,Expecting value: line 1 column 1 (char 0),0.0,37.05,37.74,-4.21,36.1,39.0,-12.59
Information Technology,Tech Mahindra Ltd.,TECHM,1854.0,1455.6,1435.96,1433.29,1.72,-0.31,NSE_EQ|INE669C01036,1444.0,2026-05-28T20:54:27.379953+05:30,1460.1,Expecting value: line 1 column 1 (char 0),1433.6,1403.1,1409.21,4.66,1366.0,1366.0,4.66
Construction,Techno Electric & Engineering Company Ltd.,TECHNOE,1822.0,1072.6,1224.59,1227.19,-1.3,-10.31,NSE_EQ|INE285K01026,1203.24,2026-05-28T20:54:28.483033+05:30,1183.2,Expecting value: line 1 column 1 (char 0),1354.0,1078.48,1080.64,-2.19,1072.0,1076.4,-2.61
Telecommunication,Tejas Networks Ltd.,TEJASNET,1495.0,494.25,474.58,463.22,4.68,-2.18,NSE_EQ|INE010J01012,483.76,2026-05-28T20:54:29.540204+05:30,505.0,Expecting value: line 1 column 1 (char 0),477.95,422.83,419.41,-1.72,428.0,0.0,0.0
Financial Services,The New India Assurance Company Ltd.,NIACL,382.43,160.56,163.57,162.45,-2.22,-1.39,NSE_EQ|INE470Y01017,163.08,2026-05-28T20:54:30.608707+05:30,162.79,Expecting value: line 1 column 1 (char 0),163.1,132.33,134.11,-5.48,131.55,0.0,0.0
Construction Materials,The Ramco Cements Ltd.,RAMCOCEM,1214.5,888.0,905.76,921.01,-2.06,-0.91,NSE_EQ|INE331A01037,897.33,2026-05-28T20:54:31.676955+05:30,896.1,Expecting value: line 1 column 1 (char 0),887.9,961.53,978.4,-2.51,920.0,0.0,0.0
Capital Goods,Thermax Ltd.,THERMAX,5839.95,4590.6,4467.31,4360.06,-0.92,2.41,NSE_EQ|INE152A01029,4498.79,2026-05-28T20:54:32.719982+05:30,4480.0,Expecting value: line 1 column 1 (char 0),4449.8,3183.14,3169.27,-0.11,3195.1,3120.0,2.24
Capital Goods,Timken India Ltd.,TIMKEN,4817.9,3636.9,3613.95,3574.52,-0.42,-0.28,NSE_EQ|INE325A01013,3633.96,2026-05-28T20:54:33.830320+05:30,3647.2,Expecting value: line 1 column 1 (char 0),3712.4,3224.8,3231.07,-0.11,3140.0,3385.4,-7.93
Capital Goods,Titagarh Rail Systems Ltd.,TITAGARH,1896.95,847.2,795.27,782.01,-2.38,3.62,NSE_EQ|INE615H01020,811.05,2026-05-28T20:54:34.927193+05:30,816.55,Expecting value: line 1 column 1 (char 0),735.0,643.61,654.32,-1.4,624.95,665.2,-7.93
Consumer Durables,Titan Company Ltd.,TITAN,4605.0,4137.9,4141.81,4192.62,-1.12,0.96,NSE_EQ|INE280A01028,4124.14,2026-05-28T20:54:35.975482+05:30,4098.3,Expecting value: line 1 column 1 (char 0),4053.0,4047.02,4066.72,-4.03,4056.6,4057.0,-4.04
Healthcare,Torrent Pharmaceuticals Ltd.,TORNTPHARM,4712.9,4537.8,4463.36,4400.76,-2.7,1.54,NSE_EQ|INE685A01028,4498.44,2026-05-28T20:54:37.011327+05:30,4468.0,Expecting value: line 1 column 1 (char 0),4525.0,4276.0,4266.31,-0.32,4270.3,4295.0,-0.9
Power,Torrent Power Ltd.,TORNTPOWER,2037.0,1440.5,1497.99,1534.81,-0.5,-2.37,NSE_EQ|INE813H01021,1470.06,2026-05-28T20:54:38.082760+05:30,1474.6,Expecting value: line 1 column 1 (char 0),1480.0,1427.09,1432.59,-5.28,1438.5,1540.0,-12.71
Capital Goods,Transformers And Rectifiers (India) Ltd.,TARIL,648.9,322.1,312.64,311.5,2.04,0.34,NSE_EQ|INE763I01026,315.81,2026-05-28T20:54:39.127211+05:30,321.0,Expecting value: line 1 column 1 (char 0),314.45,283.52,283.67,1.43,275.85,275.85,1.43
Consumer Services,Trent Ltd.,TRENT,8345.0,4248.6,4202.53,4166.78,-1.19,0.21,NSE_EQ|INE849A01020,4232.97,2026-05-28T20:54:40.189502+05:30,4239.6,Expecting value: line 1 column 1 (char 0),4189.0,3543.98,3590.26,-4.06,3502.2,3487.8,-3.63
Textiles,Trident Ltd.,TRIDENT,70.35,24.67,24.71,24.98,-0.61,0.97,NSE_EQ|INE064C01022,24.57,2026-05-28T20:54:41.250584+05:30,24.43,Expecting value: line 1 column 1 (char 0),24.32,24.7,24.74,7.12,23.6,0.0,0.0
Fast Moving Consumer Goods,Triveni Engineering & Industries Ltd.,TRIVENI,536.0,381.55,380.22,384.86,0.09,1.98,NSE_EQ|INE256C01024,378.72,2026-05-28T20:54:42.286946+05:30,374.0,Expecting value: line 1 column 1 (char 0),370.8,368.12,368.8,4.81,352.5,352.5,4.81
Capital Goods,Triveni Turbine Ltd.,TRITURBINE,885.0,719.15,666.73,628.05,-0.33,3.98,NSE_EQ|INE152M01016,693.99,2026-05-28T20:54:43.311009+05:30,690.5,Expecting value: line 1 column 1 (char 0),642.95,457.79,461.52,-0.99,448.45,461.05,-3.83
Automobile and Auto Components,Tube Investments of India Ltd.,TIINDIA,4810.8,3210.5,3018.27,2965.7,-0.28,5.0,NSE_EQ|INE974X01010,3074.76,2026-05-28T20:54:44.338389+05:30,3050.0,Expecting value: line 1 column 1 (char 0),2877.8,2560.93,2559.29,1.7,2524.9,2524.9,1.7
Financial Services,UCO Bank,UCOBANK,70.65,25.54,25.31,25.53,-0.51,0.9,NSE_EQ|INE691A01018,25.3,2026-05-28T20:54:45.373973+05:30,25.31,Expecting value: line 1 column 1 (char 0),24.91,25.32,25.69,-2.75,24.64,29.0,-20.93
Automobile and Auto Components,UNO Minda Ltd.,UNOMINDA,1382.0,1130.8,1106.76,1108.13,-0.28,1.4,NSE_EQ|INE405E01023,1111.14,2026-05-28T20:54:46.423446+05:30,1115.0,Expecting value: line 1 column 1 (char 0),1100.0,1082.14,1091.11,1.71,1053.1,1053.1,1.71
Chemicals,UPL Ltd.,UPL,864.7,656.15,644.26,642.42,0.15,-0.27,NSE_EQ|INE628A01036,648.43,2026-05-28T20:54:47.443130+05:30,657.9,Expecting value: line 1 column 1 (char 0),636.9,630.64,637.06,0.88,615.0,610.0,1.68
Financial Services,UTI Asset Management Company Ltd.,UTIAMC,1494.8,954.3,955.09,960.75,-1.17,0.71,NSE_EQ|INE094J01016,953.2,2026-05-28T20:54:48.493809+05:30,947.5,Expecting value: line 1 column 1 (char 0),937.45,951.23,959.48,-0.36,932.0,0.0,0.0
Construction Materials,UltraTech Cement Ltd.,ULTRACEMCO,13110.0,11689.0,11619.71,11649.37,-0.58,0.42,NSE_EQ|INE481G01011,11627.66,2026-05-28T20:54:49.517529+05:30,11640.0,Expecting value: line 1 column 1 (char 0),0.0,11138.04,11272.28,-1.05,10877.0,10670.0,0.87
Financial Services,Union Bank of India,UNIONBANK,205.49,168.72,164.81,166.36,-2.03,0.69,NSE_EQ|INE692A01016,166.02,2026-05-28T20:54:50.555872+05:30,167.56,Expecting value: line 1 column 1 (char 0),162.0,178.18,178.88,-0.39,174.5,172.2,0.93
Fast Moving Consumer Goods,United Breweries Ltd.,UBL,2299.7,1339.8,1351.08,1382.94,1.39,-1.04,NSE_EQ|INE686F01025,1338.15,2026-05-28T20:54:51.558950+05:30,1353.7,Expecting value: line 1 column 1 (char 0),1325.0,1605.54,1607.12,1.12,1569.5,1569.5,1.12
Fast Moving Consumer Goods,United Spirits Ltd.,UNITDSPR,1700.0,1302.5,1291.68,1295.47,0.72,0.58,NSE_EQ|INE854D01024,1292.69,2026-05-28T20:54:52.578523+05:30,1295.0,Expecting value: line 1 column 1 (char 0),0.0,1331.25,1335.67,2.94,1288.9,1288.9,2.94
Capital Goods,Usha Martin Ltd.,USHAMART,518.0,510.45,477.87,469.33,0.52,4.59,NSE_EQ|INE228A01035,485.5,2026-05-28T20:54:53.629699+05:30,487.0,Expecting value: line 1 column 1 (char 0),468.05,401.97,403.72,-1.13,397.8,407.55,-3.61
Consumer Durables,V-Guard Industries Ltd.,VGUARD,577.45,315.35,313.94,318.2,2.69,-0.17,NSE_EQ|INE951I01027,312.11,2026-05-28T20:54:54.711491+05:30,315.9,Expecting value: line 1 column 1 (char 0),306.0,322.24,321.88,1.12,321.15,321.15,1.12
Consumer Services,Valor Estate Ltd.,DBREALTY,284.9,120.28,119.04,118.37,-2.18,1.9,NSE_EQ|INE879I01012,118.58,2026-05-28T20:54:55.762620+05:30,118.0,Expecting value: line 1 column 1 (char 0),118.0,98.93,100.46,-3.61,96.5,0.0,0.0
Textiles,Vardhman Textiles Ltd.,VTL,647.0,595.5,603.94,600.14,-0.46,-0.63,NSE_EQ|INE825A01020,601.76,2026-05-28T20:54:56.828204+05:30,599.25,Expecting value: line 1 column 1 (char 0),605.0,530.72,528.24,-0.75,534.0,0.0,0.0
Fast Moving Consumer Goods,Varun Beverages Ltd.,VBL,681.1,534.5,522.6,510.66,0.4,0.34,NSE_EQ|INE200M01039,529.52,2026-05-28T20:54:57.884070+05:30,532.7,Expecting value: line 1 column 1 (char 0),532.0,407.01,412.39,-2.48,398.0,434.95,-12.0
Consumer Services,Vedant Fashions Ltd.,MANYAVAR,1512.0,416.1,424.1,428.08,-0.99,0.97,NSE_EQ|INE825V01034,418.5,2026-05-28T20:54:58.929766+05:30,412.05,Expecting value: line 1 column 1 (char 0),0.0,362.35,369.86,-1.2,355.15,342.4,2.44
Metals & Mining,Vedanta Ltd.,VEDL,795.0,354.7,344.37,389.84,3.6,2.06,NSE_EQ|INE205A01025,342.15,2026-05-28T20:54:59.987359+05:30,347.4,Expecting value: line 1 column 1 (char 0),332.5,673.09,675.23,-1.29,660.0,695.0,-6.66
Consumer Services,Ventive Hospitality Ltd.,VENTIVE,840.0,636.3,634.89,635.69,-0.67,2.72,NSE_EQ|INE781S01027,631.86,2026-05-28T20:55:01.027142+05:30,619.0,Expecting value: line 1 column 1 (char 0),619.75,651.29,658.83,-0.77,632.0,680.0,-8.42
Healthcare,Vijaya Diagnostic Centre Ltd.,VIJAYA,1379.3,1261.0,1254.96,1223.64,3.11,0.54,NSE_EQ|INE043W01024,1254.8,2026-05-28T20:55:02.070985+05:30,1254.2,Expecting value: line 1 column 1 (char 0),1220.4,918.68,926.68,-0.14,890.0,0.0,0.0
Consumer Services,Vishal Mega Mart Ltd.,VMM,157.6,121.45,121.48,121.21,-1.28,0.3,NSE_EQ|INE01EA01019,121.42,2026-05-28T20:55:03.129763+05:30,121.08,Expecting value: line 1 column 1 (char 0),120.8,107.31,108.49,4.82,101.78,101.78,4.82
Telecommunication,Vodafone Idea Ltd.,IDEA,77.5,14.18,13.48,12.6,0.35,-0.14,NSE_EQ|INE669E01016,13.93,2026-05-28T20:55:04.205525+05:30,14.2,Expecting value: line 1 column 1 (char 0),13.44,9.41,9.56,-3.83,9.22,0.0,0.0
Consumer Durables,Voltas Ltd.,VOLTAS,1944.9,1261.8,1282.34,1308.98,-1.08,-0.81,NSE_EQ|INE226A01021,1271.7,2026-05-28T20:55:05.265636+05:30,1272.0,Expecting value: line 1 column 1 (char 0),0.0,1366.27,1380.02,-0.22,1305.0,0.0,0.0
Capital Goods,Waaree Energies Ltd.,WAAREEENER,3865.0,3129.1,3069.25,3109.74,2.98,1.06,NSE_EQ|INE377N01017,3067.48,2026-05-28T20:55:06.326442+05:30,3096.0,Expecting value: line 1 column 1 (char 0),2996.0,2981.75,2956.99,-0.72,3108.8,2588.2,16.15
Capital Goods,Welspun Corp Ltd.,WELCORP,1380.0,1372.9,1316.27,1277.72,1.83,3.93,NSE_EQ|INE191B01025,1329.1,2026-05-28T20:55:07.400614+05:30,1319.0,Expecting value: line 1 column 1 (char 0),1294.9,802.83,802.13,0.27,800.0,780.0,2.77
Textiles,Welspun Living Ltd.,WELSPUNLIV,212.95,139.45,138.88,136.34,0.12,-0.39,NSE_EQ|INE192B01031,139.54,2026-05-28T20:55:08.440748+05:30,139.99,Expecting value: line 1 column 1 (char 0),142.01,116.31,117.64,0.41,112.62,112.11,0.86
Consumer Durables,Whirlpool of India Ltd.,WHIRLPOOL,2787.0,849.55,863.36,878.9,-0.01,-0.76,NSE_EQ|INE716A01013,854.31,2026-05-28T20:55:09.513798+05:30,856.0,Expecting value: line 1 column 1 (char 0),844.3,834.86,841.36,-3.33,825.0,880.0,-10.21
Information Technology,Wipro Ltd.,WIPRO,369.9,201.58,199.88,198.85,-1.6,-1.13,NSE_EQ|INE075A01022,201.88,2026-05-28T20:55:10.540117+05:30,203.85,Expecting value: line 1 column 1 (char 0),200.0,194.36,196.91,-0.35,189.41,194.0,-2.79
Healthcare,Wockhardt Ltd.,WOCKPHARMA,1868.8,1771.0,1638.77,1582.09,3.19,3.11,NSE_EQ|INE049B01025,1681.46,2026-05-28T20:55:11.558196+05:30,1716.0,,1646.0,1202.86,1220.9,-2.29,1164.9,0.0,0.0
Financial Services,Yes Bank Ltd.,YESBANK,404.0,22.76,22.2,21.73,2.1,-0.26,NSE_EQ|INE528G01035,22.44,2026-05-28T20:55:12.641077+05:30,22.82,Expecting value: line 1 column 1 (char 0),22.35,18.85,19.09,-2.32,18.49,0.0,0.0
Automobile and Auto Components,ZF Commercial Vehicle Control Systems India Ltd.,ZFCVINDIA,18250.0,14901.0,14730.06,14651.88,-0.73,0.07,NSE_EQ|INE342J01019,14830.17,2026-05-28T20:55:13.720213+05:30,14890.0,Expecting value: line 1 column 1 (char 0),14420.0,13756.33,13885.87,-4.39,13770.0,13605.0,-3.14
Media Entertainment & Publication,Zee Entertainment Enterprises Ltd.,ZEEL,619.0,91.46,86.11,86.55,-0.36,8.48,NSE_EQ|INE256A01028,86.08,2026-05-28T20:55:14.771323+05:30,83.7,Expecting value: line 1 column 1 (char 0),0.0,75.96,77.31,-0.67,71.99,0.0,0.0
Capital Goods,Zen Technologies Ltd.,ZENTEC,2627.0,1695.5,1612.88,1600.48,-0.45,5.11,NSE_EQ|INE251B01027,1630.56,2026-05-28T20:55:15.833180+05:30,1608.9,Expecting value: line 1 column 1 (char 0),1572.5,1378.01,1375.72,-2.63,1400.0,1364.7,-0.04
Information Technology,Zensar Technolgies Ltd.,ZENSARTECH,984.95,491.3,493.88,505.03,-1.09,0.72,NSE_EQ|INE520A01027,490.59,2026-05-28T20:55:16.925457+05:30,487.75,Expecting value: line 1 column 1 (char 0),0.0,557.71,562.69,-3.37,562.95,547.15,-0.47
Healthcare,Zydus Lifesciences Ltd.,ZYDUSLIFE,1324.3,1085.8,1037.59,1001.63,0.47,0.66,NSE_EQ|INE010B01027,1064.39,2026-05-28T20:55:17.972204+05:30,1078.6,Expecting value: line 1 column 1 (char 0),1049.8,895.1,896.41,-0.46,890.45,888.0,-0.18
Services,eClerx Services Ltd.,ECLERX,4995.0,1540.9,1550.92,1543.17,-1.28,-1.57,NSE_EQ|INE738I01010,1555.13,2026-05-28T20:55:19.003273+05:30,1565.1,Expecting value: line 1 column 1 (char 0),1544.9,1528.14,1562.32,0.44,1455.0,0.0,0.0
Capital Goods,AGI Greenpac Ltd.,AGI,1307.9,586.85,589.57,589.41,-0.62,-1.73,NSE_EQ|INE415A01038,588.91,2026-05-28T20:55:20.069571+05:30,597.0,Expecting value: line 1 column 1 (char 0),584.9,502.6,511.28,-2.8,492.0,491.5,-2.7
Automobile and Auto Components,ASK Automotive Ltd.,ASKAUTOLTD,578.5,459.65,450.96,448.12,-1.77,1.52,NSE_EQ|INE491J01022,452.81,2026-05-28T20:55:21.122844+05:30,452.65,Expecting value: line 1 column 1 (char 0),446.1,411.84,413.22,1.18,410.4,410.4,1.18
Healthcare,Aarti Drugs Ltd.,AARTIDRUGS,1026.95,390.9,385.36,380.87,-1.01,-0.79,NSE_EQ|INE767A01016,389.39,2026-05-28T20:55:22.188083+05:30,394.0,Expecting value: line 1 column 1 (char 0),379.35,345.64,348.6,-2.76,344.7,350.0,-4.34
Healthcare,Aarti Pharmalabs Ltd.,AARTIPHARM,971.0,655.25,702.98,709.9,-1.76,-6.01,NSE_EQ|INE0LRU01027,691.31,2026-05-28T20:55:23.251038+05:30,694.6,Expecting value: line 1 column 1 (char 0),714.15,651.91,660.18,-2.92,640.95,681.0,-9.35
Healthcare,Acutaas Chemicals Ltd.,ACUTAAS,3075.3,3000.6,2909.11,2798.75,3.66,-1.61,NSE_EQ|INE00FF01025,2969.4,2026-05-28T20:55:24.302993+05:30,3049.0,Expecting value: line 1 column 1 (char 0),2923.8,2311.12,2275.97,3.03,2361.5,2361.5,3.03
Healthcare,Advanced Enzyme Tech Ltd.,ADVENZYMES,571.0,371.75,373.86,362.85,-0.05,-1.68,NSE_EQ|INE837H01020,375.71,2026-05-28T20:55:25.349414+05:30,378.0,Expecting value: line 1 column 1 (char 0),380.1,277.34,279.49,0.39,267.65,290.1,-7.96
Chemicals,Aether Industries Ltd.,AETHER,1275.1,1094.7,1100.81,1121.17,1.2,-0.26,NSE_EQ|INE0BWX01014,1089.02,2026-05-28T20:55:26.405527+05:30,1097.5,Expecting value: line 1 column 1 (char 0),1084.3,1124.2,1104.44,6.11,1149.8,966.45,21.08
Construction,Ahluwalia Contracts (India) Ltd.,AHLUCONT,1542.45,834.0,810.82,815.17,0.65,4.32,NSE_EQ|INE758C01029,812.81,2026-05-28T20:55:27.493173+05:30,798.0,Expecting value: line 1 column 1 (char 0),782.25,730.82,742.52,-4.96,719.0,752.0,-9.78
Capital Goods,Ajax Engineering Ltd.,AJAXENGG,756.2,583.0,564.16,548.65,1.03,1.37,NSE_EQ|INE274Y01021,574.52,2026-05-28T20:55:28.559846+05:30,575.0,Expecting value: line 1 column 1 (char 0),574.0,471.25,474.37,-2.59,476.0,453.0,2.37
Healthcare,Alivus Life Sciences Ltd.,ALIVUS,1335.1,1070.3,1066.29,1064.08,2.26,-1.91,NSE_EQ|INE03Q201024,1066.91,2026-05-28T20:55:29.650687+05:30,1090.7,,1066.0,948.26,943.98,2.92,939.0,939.0,2.92
Services,Allcargo Logistics Ltd.,ALLCARGO,123.75,9.14,8.95,9.01,2.09,-0.22,NSE_EQ|INE418H01029,8.96,2026-05-28T20:55:30.692676+05:30,9.16,Expecting value: line 1 column 1 (char 0),8.9,7.95,8.08,-4.85,8.0,7.72,-1.18
Fast Moving Consumer Goods,Allied Blenders and Distillers Ltd.,ABDL,696.8,539.85,541.93,541.13,1.24,-0.94,NSE_EQ|INE552Z01027,539.83,2026-05-28T20:55:31.736984+05:30,544.9,Expecting value: line 1 column 1 (char 0),538.15,425.17,433.52,-3.22,408.65,0.0,0.0
Chemicals,Anupam Rasayan India Ltd.,ANURAS,1415.0,1368.0,1367.41,1357.09,-0.34,-1.07,NSE_EQ|INE930P01018,1369.13,2026-05-28T20:55:32.764329+05:30,1382.7,Expecting value: line 1 column 1 (char 0),1353.6,1253.69,1255.39,1.99,1230.0,1230.0,1.99
Consumer Services,Apeejay Surrendra Park Hotels Ltd.,PARKHOTELS,235.0,119.23,121.02,121.62,0.27,0.19,NSE_EQ|INE988S01028,120.47,2026-05-28T20:55:33.778972+05:30,119.0,Expecting value: line 1 column 1 (char 0),117.7,110.88,112.48,-0.87,106.05,0.0,0.0
Chemicals,Archean Chemical Industries Ltd.,ACI,837.7,534.15,544.31,560.45,-1.11,-0.91,NSE_EQ|INE128X01021,536.57,2026-05-28T20:55:34.814253+05:30,539.0,Expecting value: line 1 column 1 (char 0),535.0,593.83,590.31,1.41,598.75,598.75,1.41
Consumer Services,Arvind Fashions Ltd.,ARVINDFASN,1063.95,468.35,453.18,449.0,2.12,-1.42,NSE_EQ|INE955V01021,461.13,2026-05-28T20:55:35.868882+05:30,475.0,Expecting value: line 1 column 1 (char 0),465.0,403.22,408.43,0.82,388.8,381.0,2.81
Textiles,Arvind Ltd.,ARVIND,500.95,484.9,474.36,453.35,1.29,-1.09,NSE_EQ|INE034A01011,484.15,2026-05-28T20:55:36.935365+05:30,490.2,Expecting value: line 1 column 1 (char 0),485.5,353.33,352.76,-0.92,356.95,342.0,3.31
Construction,Ashoka Buildcon Ltd.,ASHOKA,319.0,123.69,125.91,127.75,0.84,-0.29,NSE_EQ|INE442H01029,124.4,2026-05-28T20:55:37.996579+05:30,124.05,Expecting value: line 1 column 1 (char 0),122.84,116.93,119.52,-1.3,112.0,0.0,0.0
Capital Goods,Astra Microwave Products Ltd.,ASTRAMICRO,1432.0,1397.4,1228.75,1173.28,8.33,1.67,NSE_EQ|INE386C01029,1291.74,2026-05-28T20:55:39.029146+05:30,1374.0,Expecting value: line 1 column 1 (char 0),1190.0,930.75,934.08,4.42,873.0,873.0,4.42
Information Technology,Aurionpro Solution Ltd.,AURIONPRO,1991.75,808.5,804.32,813.35,-1.35,-0.19,NSE_EQ|INE132H01018,807.69,2026-05-28T20:55:40.085141+05:30,810.0,Expecting value: line 1 column 1 (char 0),792.0,830.92,842.07,-1.78,808.0,832.65,-4.89
Capital Goods,Avalon Technologies Ltd.,AVALON,1558.6,1497.1,1421.91,1335.46,-3.61,2.48,NSE_EQ|INE0LCL01028,1469.54,2026-05-28T20:55:41.127171+05:30,1460.0,Expecting value: line 1 column 1 (char 0),1480.0,945.75,947.25,1.83,932.0,932.0,1.83
Fast Moving Consumer Goods,Avanti Feeds Ltd.,AVANTIFEED,1593.8,1297.4,1318.28,1331.63,-0.67,-2.91,NSE_EQ|INE871C01038,1313.58,2026-05-28T20:55:42.138698+05:30,1335.1,Expecting value: line 1 column 1 (char 0),1322.1,1192.92,1188.81,-0.12,1180.0,1191.3,-1.08
Financial Services,AvenuesAI Ltd.,CCAVENUE,59.75,14.05,13.93,14.01,-0.79,0.5,NSE_EQ|INE483S01020,13.95,2026-05-28T20:55:43.212540+05:30,13.98,Expecting value: line 1 column 1 (char 0),0.0,14.48,14.75,-3.91,14.1,15.5,-14.22
Services,Awfis Space Solutions Ltd.,AWFIS,946.0,345.85,344.4,342.93,-19.05,-2.28,NSE_EQ|INE108V01019,346.85,2026-05-28T20:55:44.241506+05:30,353.75,Expecting value: line 1 column 1 (char 0),344.05,264.02,271.75,-7.89,262.0,262.0,-7.89
Capital Goods,Azad Engineering Ltd.,AZAD,2350.0,2057.1,2060.54,2050.55,3.59,-2.88,NSE_EQ|INE02IJ01035,2058.43,2026-05-28T20:55:45.304651+05:30,2116.4,Expecting value: line 1 column 1 (char 0),2040.9,1489.39,1503.29,-1.2,1440.0,0.0,0.0
Consumer Durables,Bajaj Electricals Ltd,BAJAJELEC,1148.0,334.5,350.04,363.66,-0.73,-0.18,NSE_EQ|INE193E01025,339.21,2026-05-28T20:55:46.361193+05:30,335.1,Expecting value: line 1 column 1 (char 0),0.0,360.54,363.65,0.2,353.4,354.25,-0.04
Chemicals,Balaji Amines Ltd.,BALAMINES,5223.55,1821.0,1765.91,1631.13,-3.02,-3.67,NSE_EQ|INE050E01027,1834.13,2026-05-28T20:55:47.421921+05:30,1887.9,Expecting value: line 1 column 1 (char 0),1874.0,1051.11,1055.13,-0.5,1051.0,0.0,0.0
Capital Goods,Balu Forge Industries Ltd.,BALUFORGE,886.95,504.35,489.34,492.11,4.16,-0.07,NSE_EQ|INE011E01029,489.48,2026-05-28T20:55:48.480067+05:30,504.7,Expecting value: line 1 column 1 (char 0),476.05,442.84,446.7,-1.49,432.9,0.0,0.0
Automobile and Auto Components,Banco Products (India) Ltd.,BANCOINDIA,879.8,625.85,613.33,610.26,-0.7,0.41,NSE_EQ|INE213C01025,618.15,2026-05-28T20:55:49.572215+05:30,623.3,Expecting value: line 1 column 1 (char 0),617.95,564.99,571.08,1.13,545.0,545.0,1.13
Automobile and Auto Components,Belrise Industries Ltd.,BELRISE,228.8,218.13,213.91,212.83,2.09,0.06,NSE_EQ|INE894V01022,215.16,2026-05-28T20:55:50.644171+05:30,217.99,Expecting value: line 1 column 1 (char 0),212.73,189.03,188.1,3.96,186.0,186.0,3.96
Capital Goods,Bharat Bijlee Ltd.,BBL,5689.65,2828.0,2746.5,2739.18,1.66,1.34,NSE_EQ|INE464A01036,2772.95,2026-05-28T20:55:51.681148+05:30,2790.1,Expecting value: line 1 column 1 (char 0),2747.2,2315.08,2341.71,-1.65,2255.0,2300.0,-3.68
Construction Materials,Birla Corporation Ltd.,BIRLACORPN,1802.0,1006.5,1004.08,992.72,-1.33,0.15,NSE_EQ|INE340A01012,1005.15,2026-05-28T20:55:52.721808+05:30,1005.0,Expecting value: line 1 column 1 (char 0),993.9,849.23,863.64,2.64,812.0,812.0,2.64
Services,Blackbuck Ltd.,BLACKBUCK,748.0,520.3,526.85,539.93,3.49,-2.24,NSE_EQ|INE0UIZ01018,521.93,2026-05-28T20:55:53.795130+05:30,531.95,Expecting value: line 1 column 1 (char 0),515.0,592.73,593.1,-3.26,609.05,0.0,0.0
Capital Goods,Borosil Renewables Ltd.,BORORENEW,833.35,507.6,514.52,513.63,-1.28,-0.48,NSE_EQ|INE666D01022,510.97,2026-05-28T20:55:54.832599+05:30,510.05,Expecting value: line 1 column 1 (char 0),509.1,422.26,428.04,-1.75,415.0,411.75,-0.96
Consumer Durables,Bosch Home Comfort India Ltd.,BOSCH-HCIL,3484.4,1398.3,1379.15,1380.24,-1.02,1.61,NSE_EQ|INE782A01015,1377.88,2026-05-28T20:55:55.905673+05:30,1375.8,Expecting value: line 1 column 1 (char 0),1355.0,1272.54,1285.71,-3.68,1255.0,1370.0,-13.18
Automobile and Auto Components,CIE Automotive India Ltd.,CIEINDIA,622.4,457.75,460.34,463.85,-1.35,-0.25,NSE_EQ|INE536H01010,458.41,2026-05-28T20:55:56.960117+05:30,458.9,Expecting value: line 1 column 1 (char 0),456.0,447.61,447.97,-5.41,459.75,440.0,-0.88
Services,CMS Info Systems Ltd.,CMSINFO,616.5,309.6,305.38,302.59,0.0,0.84,NSE_EQ|INE925R01014,307.82,2026-05-28T20:55:57.978521+05:30,307.0,Expecting value: line 1 column 1 (char 0),300.1,285.31,288.89,-4.49,283.0,292.5,-7.99
Financial Services,CSB Bank Ltd.,CSBBANK,574.4,370.05,364.05,366.83,-0.4,1.55,NSE_EQ|INE679A01013,365.38,2026-05-28T20:55:59.030325+05:30,364.3,Expecting value: line 1 column 1 (char 0),359.0,362.21,366.17,0.11,357.5,387.5,-8.27
Consumer Services,Cartrade Tech Ltd.,CARTRADE,3290.5,1721.6,1774.72,1783.98,-5.28,0.68,NSE_EQ|INE290S01011,1750.73,2026-05-28T20:56:00.061957+05:30,1709.9,Expecting value: line 1 column 1 (char 0),1776.0,1743.62,1776.36,2.13,1680.0,1680.0,2.13
Construction,Ceigall India Ltd.,CEIGALL,424.8,347.4,342.71,339.01,3.44,-1.58,NSE_EQ|INE0AG901020,344.39,2026-05-28T20:56:01.076983+05:30,352.9,Expecting value: line 1 column 1 (char 0),340.8,270.24,271.46,-3.41,274.25,266.1,-0.34
Consumer Durables,Cello World Ltd.,CELLO,1025.0,393.8,393.46,399.9,4.8,-1.8,NSE_EQ|INE0LMW01024,391.48,2026-05-28T20:56:02.132643+05:30,400.9,Expecting value: line 1 column 1 (char 0),0.0,418.66,423.22,-3.59,422.5,416.0,-2.0
Construction,Cemindia Projects Ltd.,CEMPRO,999.9,992.95,906.49,865.86,6.01,4.33,NSE_EQ|INE686A01026,929.32,2026-05-28T20:56:03.153593+05:30,950.0,Expecting value: line 1 column 1 (char 0),871.0,549.34,555.66,0.68,534.95,550.95,-2.29
Information Technology,Cigniti Technologies Ltd.,CIGNITITEC,1970.0,1091.9,1093.17,1147.76,2.34,0.52,NSE_EQ|INE675C01017,1081.74,2026-03-24T22:12:08.769873,1086.2,,1048.3,1118.4,1142.15,3.99,1048.3,1048.3,3.99
Capital Goods,Cyient DLM Ltd.,CYIENTDLM,883.8,429.05,422.86,410.75,-1.8,-1.62,NSE_EQ|INE055S01018,427.33,2026-05-28T20:57:54.391994+05:30,436.0,,424.0,299.78,304.4,-5.61,300.05,291.65,-2.66
Financial Services,DCB Bank Ltd.,DCBBANK,244.65,179.52,180.81,181.71,-1.16,-1.12,NSE_EQ|INE503A01015,180.45,2026-05-28T20:57:55.402869+05:30,181.53,,175.71,172.88,173.91,2.06,168.0,168.0,2.06
Information Technology,Datamatics Global Services Ltd.,DATAMATICS,1120.0,775.1,769.74,760.37,-1.73,1.16,NSE_EQ|INE365B01017,773.92,2026-05-28T20:57:56.459427+05:30,766.1,,777.8,699.37,704.27,1.46,676.05,676.05,1.46
Chemicals,Dhanuka Agritech Ltd.,DHANUKA,1975.0,1180.3,1149.69,1118.23,0.51,-0.82,NSE_EQ|INE435G01025,1170.99,2026-05-28T20:57:57.518945+05:30,1190.0,,0.0,982.62,990.72,1.61,955.0,955.0,1.61
Capital Goods,Diamond Power Infrastructure Ltd.,DIACABS,211.2,198.2,193.37,183.76,4.6,-5.3,NSE_EQ|INE989C01038,198.06,2026-05-28T20:57:58.543518+05:30,208.7,,197.14,126.66,127.45,-1.93,123.84,129.4,-6.5
Construction,Dilip Buildcon Ltd.,DBL,1247.5,427.65,440.06,447.02,-0.87,-1.41,NSE_EQ|INE917M01012,433.05,2026-05-28T20:57:59.595617+05:30,433.7,,430.0,414.88,418.82,-2.79,405.0,0.0,0.0
Healthcare,Dishman Carbogen Amcis Ltd.,DCAL,396.4,197.69,196.24,190.23,0.91,-1.45,NSE_EQ|INE385W01011,198.94,2026-05-28T20:58:00.623604+05:30,200.55,,0.0,157.21,161.23,-8.2,155.9,0.0,0.0
Fast Moving Consumer Goods,Dodla Dairy Ltd.,DODLA,1525.0,1120.8,1078.04,1076.19,1.37,1.85,NSE_EQ|INE021O01019,1089.79,2026-05-28T20:58:01.666549+05:30,1100.1,,1085.0,1040.81,1051.66,2.46,1009.0,1009.0,2.46
Services,Dummy Allcargo Logistics Ltd.,DUMMYALCAR,0.0,3477.9,3723.77,3962.14,-0.76,-2.72,NSE_EQ|DUM418H01029,3628.61,2026-02-23T14:13:09.255879,,,0.0,,,,,,
Capital Goods,Dynamatic Technologies Ltd.,DYNAMATECH,12875.0,10668.0,10979.8,11037.67,-2.63,-3.1,NSE_EQ|INE221B01012,10914.96,2026-05-28T20:58:03.558139+05:30,10999.0,,10932.0,9671.76,9656.99,0.93,9567.0,0.0,0.0
Capital Goods,EPL Ltd.,EPL,318.6,215.39,218.88,221.08,0.43,-2.14,NSE_EQ|INE255A01020,217.22,2026-05-28T20:58:04.574698+05:30,219.99,,0.0,194.02,195.42,2.61,187.04,187.04,2.61
Consumer Services,Easy Trip Planners Ltd.,EASEMYTRIP,36.75,7.41,7.88,7.86,0.0,-7.96,NSE_EQ|INE07O001026,7.81,2026-05-28T20:58:05.587191+05:30,8.0,,7.85,7.0,7.07,-2.71,6.81,0.0,0.0
Financial Services,Edelweiss Financial Services Ltd.,EDELWEISS,230.85,112.33,112.69,114.09,0.0,-0.6,NSE_EQ|INE532F01054,111.99,2026-05-28T20:58:06.584121+05:30,113.0,,108.75,106.47,107.17,0.15,103.6,0.0,0.0
Consumer Services,Electronics Mart India Ltd.,EMIL,262.0,116.01,116.77,115.71,-1.68,1.13,NSE_EQ|INE02YR01019,116.46,2026-05-28T20:58:07.592350+05:30,114.7,,116.0,91.86,92.48,-2.01,91.0,90.0,-0.89
Capital Goods,Electrosteel Castings Ltd.,ELECTCAST,236.6,81.65,81.28,82.04,-1.06,-0.43,NSE_EQ|INE086A01029,81.0,2026-05-28T20:58:08.579396+05:30,82.0,,79.0,72.85,72.45,1.29,73.95,73.95,1.29
Realty,Embassy Developments Ltd.,EMBDL,269.7,59.79,63.34,61.98,-3.4,-3.33,NSE_EQ|INE069I01010,62.07,2026-05-28T20:58:09.568394+05:30,61.78,,62.24,49.27,50.8,-7.44,46.35,0.0,0.0
Consumer Services,Entero Healthcare Solutions Ltd.,ENTERO,1584.25,1185.4,1257.97,1244.29,-5.87,-8.99,NSE_EQ|INE010601016,1260.82,2026-05-28T20:58:10.590511+05:30,1292.0,,1319.4,1136.2,1126.79,8.25,1124.9,1002.0,18.27
Utilities,Enviro Infra Engineers Ltd.,EIEL,391.6,206.0,200.26,200.08,-2.33,-0.64,NSE_EQ|INE0LLY01014,201.93,2026-05-28T20:58:11.587940+05:30,207.31,,0.0,149.05,150.76,-0.47,146.0,0.0,0.0
Chemicals,Epigral Ltd.,EPIGRAL,2406.75,1211.9,1241.85,1232.83,0.03,-2.73,NSE_EQ|INE071N01016,1234.74,2026-05-28T20:58:12.610556+05:30,1245.0,,1252.0,871.35,881.31,2.93,837.7,837.7,2.93
Financial Services,Equitas Small Finance Bank Ltd.,EQUITASBNK,116.5,72.18,69.16,68.31,2.78,1.98,NSE_EQ|INE063P01018,69.81,2026-05-28T20:58:13.602464+05:30,70.75,Expecting value: line 1 column 1 (char 0),68.2,57.95,58.7,0.0,56.0,56.35,-0.63
Consumer Durables,Ethos Ltd.,ETHOSLTD,3524.95,2381.1,2378.19,2382.84,-1.19,-0.77,NSE_EQ|INE04TZ01018,2386.51,2026-05-28T20:58:14.603570+05:30,2399.4,Expecting value: line 1 column 1 (char 0),2378.8,2236.12,2257.32,-0.13,2228.0,0.0,0.0
Consumer Durables,Eureka Forbes Ltd.,EUREKAFORB,668.3,449.8,474.55,484.89,-2.27,-2.05,NSE_EQ|INE0KCE01017,462.56,2026-05-28T20:58:15.592898+05:30,459.0,Expecting value: line 1 column 1 (char 0),0.0,453.53,458.56,-3.8,459.0,419.9,5.04
Healthcare,FDC Ltd.,FDC,658.85,429.55,384.3,375.74,7.93,5.25,NSE_EQ|INE258B01022,396.3,2026-05-28T20:58:16.592506+05:30,407.0,Expecting value: line 1 column 1 (char 0),368.9,342.0,345.36,0.17,330.6,350.65,-5.89
Automobile and Auto Components,Fiem Industries Ltd,FIEMIND,2555.3,2310.0,2234.36,2217.48,-1.06,2.55,NSE_EQ|INE737H01014,2258.11,2026-05-28T20:58:17.584732+05:30,2251.2,Expecting value: line 1 column 1 (char 0),2249.7,2055.84,2072.06,0.52,2001.0,1997.0,0.72
Chemicals,Fine Organic Industries Ltd.,FINEORG,7328.75,4677.3,4618.8,4627.42,1.34,1.14,NSE_EQ|INE686Y01026,4623.96,2026-05-28T20:58:18.564303+05:30,4623.8,Expecting value: line 1 column 1 (char 0),4557.8,4257.02,4273.24,-2.14,4250.0,0.0,0.0
Construction,G R Infraprojects Ltd.,GRINFRA,2267.65,912.1,937.69,934.64,-0.07,-2.51,NSE_EQ|INE201P01022,932.32,2026-05-28T20:58:19.577434+05:30,935.0,Expecting value: line 1 column 1 (char 0),0.0,874.22,885.45,-4.01,855.0,916.0,-11.44
Chemicals,GHCL Ltd.,GHCL,779.0,463.05,461.01,470.94,2.33,0.58,NSE_EQ|INE539A01019,456.53,2026-05-28T20:53:22.061738+05:30,460.35,Expecting value: line 1 column 1 (char 0),447.75,444.72,450.69,1.12,424.3,424.3,1.12
Capital Goods,GMM Pfaudler Ltd.,GMMPFAUDLR,2300.0,787.15,832.24,855.87,-2.21,-1.49,NSE_EQ|INE541A01023,809.6,2026-05-28T20:53:23.133041+05:30,798.9,Expecting value: line 1 column 1 (char 0),0.0,864.36,875.19,-2.23,849.9,852.0,-2.48
Power,GMR Power and Urban Infra Ltd.,GMRP&UI,169.25,109.45,109.89,109.46,-0.89,3.06,NSE_EQ|INE0CU601026,109.32,2026-05-28T20:53:24.190475+05:30,106.1,Expecting value: line 1 column 1 (char 0),113.24,104.15,104.83,-1.8,102.5,103.0,-2.29
Automobile and Auto Components,Gabriel India Ltd.,GABRIEL,1388.0,1129.3,1105.48,1082.84,-2.83,2.77,NSE_EQ|INE524A01029,1114.26,2026-05-28T20:53:25.253092+05:30,1098.0,Expecting value: line 1 column 1 (char 0),1106.4,877.84,885.75,1.55,846.7,846.7,1.55
Capital Goods,Gallantt Ispat Ltd.,GALLANTT,948.0,689.4,711.83,739.6,-3.66,-0.38,NSE_EQ|INE297H01019,692.16,2026-05-28T20:53:26.309346+05:30,692.0,Expecting value: line 1 column 1 (char 0),660.0,546.32,547.62,-2.8,553.0,541.05,-0.58
Realty,Ganesh Housing Ltd.,GANESHHOU,1485.0,704.0,698.0,685.95,-0.31,2.13,NSE_EQ|INE460C01014,702.16,2026-05-28T20:53:27.352008+05:30,689.0,Expecting value: line 1 column 1 (char 0),691.95,604.67,615.21,-2.53,587.0,642.1,-12.16
Textiles,Ganesha Ecosphere Ltd.,GANECOS,2484.2,969.1,991.41,1005.23,-0.27,1.25,NSE_EQ|INE845D01014,973.74,2026-05-28T20:53:28.409193+05:30,957.0,Expecting value: line 1 column 1 (char 0),1037.2,778.09,775.24,-3.1,805.15,784.0,-0.39
Capital Goods,Garware Hi-Tech Films Ltd.,GRWRHITECH,5857.0,5709.0,5496.46,5188.54,3.4,-1.98,NSE_EQ|INE291A01017,5632.3,2026-05-28T20:53:29.473286+05:30,5822.0,Expecting value: line 1 column 1 (char 0),5600.1,3712.46,3739.16,-3.16,3636.0,0.0,0.0
Textiles,Garware Technical Fibres Ltd.,GARFIBRES,986.4,650.0,637.29,634.88,0.43,1.08,NSE_EQ|INE276A01018,640.34,2026-05-28T20:53:30.505983+05:30,643.0,Expecting value: line 1 column 1 (char 0),627.5,617.63,621.26,0.65,607.05,604.35,1.09
Services,Gateway Distriparks Ltd.,GATEWAY,121.55,56.6,56.19,56.61,-1.18,1.06,NSE_EQ|INE079J01017,56.0,2026-05-28T20:53:31.513653+05:30,56.0,Expecting value: line 1 column 1 (char 0),0.0,53.1,53.71,0.92,50.8,55.61,-8.46
Textiles,Gokaldas Exports Ltd.,GOKEX,1262.15,693.75,696.37,694.8,-1.15,-1.33,NSE_EQ|INE887G01027,697.92,2026-05-28T20:53:32.537119+05:30,703.0,Expecting value: line 1 column 1 (char 0),685.1,606.27,615.11,3.03,577.2,577.2,3.03
Capital Goods,Greaves Cotton Ltd.,GREAVESCOT,319.5,183.96,173.24,169.1,5.51,0.52,NSE_EQ|INE224A01026,176.97,2026-05-28T20:53:33.565468+05:30,183.0,Expecting value: line 1 column 1 (char 0),0.0,138.6,141.08,-0.62,132.42,147.1,-11.78
Consumer Durables,Greenpanel Industries Ltd.,GREENPANEL,625.7,200.7,198.32,202.54,-0.27,0.15,NSE_EQ|INE08ZM01014,197.1,2026-05-28T20:53:34.618699+05:30,200.4,Expecting value: line 1 column 1 (char 0),196.0,192.84,195.42,-6.24,192.3,198.0,-9.39
Fast Moving Consumer Goods,Gujarat Ambuja Exports Ltd.,GAEL,210.6,160.47,162.42,160.55,0.21,-1.11,NSE_EQ|INE036B01030,162.25,2026-05-28T20:53:35.709661+05:30,162.25,Expecting value: line 1 column 1 (char 0),161.1,132.43,133.03,-2.21,131.56,129.3,-0.46
Chemicals,Gujarat Narmada Valley Fertilizers and Chemicals Ltd.,GNFC,882.0,516.15,513.42,502.36,0.43,-0.75,NSE_EQ|INE113A01013,516.28,2026-05-28T20:53:36.775304+05:30,520.0,Expecting value: line 1 column 1 (char 0),0.0,412.57,418.0,-3.98,406.65,419.6,-7.29
Services,Gujarat Pipavav Port Ltd.,GPPL,250.69,159.11,155.79,155.5,2.06,-0.56,NSE_EQ|INE517F01014,156.88,2026-05-28T20:53:37.811949+05:30,160.0,Expecting value: line 1 column 1 (char 0),156.3,154.67,156.71,-0.61,149.1,0.0,0.0
Chemicals,Gujarat State Fertilizers & Chemicals Ltd.,GSFC,322.25,169.21,170.99,170.96,0.07,-0.05,NSE_EQ|INE026A01025,170.19,2026-05-28T20:53:38.839225+05:30,169.3,Expecting value: line 1 column 1 (char 0),175.0,154.68,156.45,-2.49,152.12,153.35,-3.31
Oil Gas & Consumable Fuels,Gulf Oil Lubricants India Ltd.,GULFOILLUB,1513.55,930.05,925.81,936.83,1.21,-0.8,NSE_EQ|INE635Q01029,922.81,2026-05-28T20:53:39.869490+05:30,937.5,Expecting value: line 1 column 1 (char 0),920.0,966.63,980.43,0.8,922.3,1080.4,-16.21
Construction,H.G. Infra Engineering Ltd.,HGINFRA,1879.9,605.55,603.85,602.59,-0.69,0.5,NSE_EQ|INE926X01010,601.93,2026-05-28T20:53:40.873307+05:30,602.55,Expecting value: line 1 column 1 (char 0),583.0,497.51,507.92,-1.19,480.0,0.0,0.0
Healthcare,Healthcare Global Enterprises Ltd.,HCG,804.65,659.95,643.41,626.26,1.17,-0.46,NSE_EQ|INE075I01017,652.93,2026-05-28T20:53:41.907875+05:30,663.0,Expecting value: line 1 column 1 (char 0),648.35,543.6,548.51,-1.13,533.1,0.0,0.0
Services,Hemisphere Properties India Ltd.,HEMIPROP,264.95,142.78,145.07,143.29,-2.25,0.2,NSE_EQ|INE0AJG01018,144.29,2026-05-28T20:53:42.983193+05:30,142.5,Expecting value: line 1 column 1 (char 0),0.0,133.31,133.9,-4.78,134.11,133.1,-3.99
Fast Moving Consumer Goods,Heritage Foods Ltd.,HERITGFOOD,727.35,328.1,333.32,338.28,0.73,-2.67,NSE_EQ|INE978A01027,330.53,2026-05-28T20:53:44.062025+05:30,336.85,Expecting value: line 1 column 1 (char 0),327.9,312.93,316.71,0.62,307.0,300.9,2.59
Healthcare,Hikal Ltd.,HIKAL,742.0,221.32,210.07,204.29,1.85,1.23,NSE_EQ|INE475B01022,214.49,2026-05-28T20:53:45.121349+05:30,218.59,Expecting value: line 1 column 1 (char 0),214.01,171.59,174.48,-2.38,165.78,0.0,0.0
Construction,Hindustan Construction Co. Ltd.,HCC,57.5,23.21,21.87,21.51,-2.32,4.95,NSE_EQ|INE549A01026,22.14,2026-05-28T20:53:46.205133+05:30,22.06,Expecting value: line 1 column 1 (char 0),20.6,15.56,15.85,-3.81,15.25,0.0,0.0
Consumer Durables,IFB Industries Ltd.,IFBIND,2359.9,1192.0,1113.81,1116.88,2.44,1.85,NSE_EQ|INE559A01017,1123.99,2026-05-28T20:53:47.290049+05:30,1170.0,Expecting value: line 1 column 1 (char 0),1119.9,1013.12,1030.83,0.57,975.0,1045.0,-6.57
Financial Services,IIFL Capital Services Ltd.,IIFLCAPS,448.95,341.1,342.43,336.69,-0.6,-0.73,NSE_EQ|INE489L01022,342.9,2026-05-28T20:53:48.367736+05:30,343.6,Expecting value: line 1 column 1 (char 0),0.0,276.89,281.5,-2.32,267.0,0.0,0.0
Consumer Services,Imagicaaworld Entertainment Ltd.,IMAGICAA,117.45,44.33,43.89,44.33,2.1,-0.52,NSE_EQ|INE172N01012,43.91,2026-05-28T20:53:49.447406+05:30,44.56,Expecting value: line 1 column 1 (char 0),43.79,39.95,40.59,-0.95,38.15,39.23,-3.81
Fast Moving Consumer Goods,India Glycols Ltd.,INDIAGLYCO,1222.0,1000.8,1013.9,1016.06,-0.61,-0.52,NSE_EQ|INE560A01023,1004.58,2026-05-28T20:53:50.518719+05:30,1006.0,Expecting value: line 1 column 1 (char 0),1000.0,870.31,875.31,-2.55,876.25,850.0,0.53
Financial Services,India Shelter Finance Corporation Ltd.,INDIASHLTR,1011.75,787.3,793.13,799.42,0.1,1.27,NSE_EQ|INE922K01024,785.83,2026-05-28T20:53:51.599091+05:30,777.3,Expecting value: line 1 column 1 (char 0),775.0,701.77,705.75,2.73,685.0,685.0,2.73
Metals & Mining,Indian Metals & Ferro Alloys Ltd.,IMFA,1679.9,1472.4,1463.82,1462.74,-2.33,-0.45,NSE_EQ|INE919H01018,1465.92,2026-05-28T20:53:52.657071+05:30,1479.0,Expecting value: line 1 column 1 (char 0),1449.0,1216.65,1221.87,-2.09,1224.1,1177.6,1.78
Consumer Durables,Indigo Paints Ltd.,INDIGOPNTS,3329.95,730.0,767.97,822.41,-3.51,-0.68,NSE_EQ|INE09VQ01012,739.68,2026-03-24T22:13:10.987817,735.0,Expecting value: line 1 column 1 (char 0),0.0,785.11,806.1,-1.1,738.0,0.0,0.0
Textiles,Indo Count Industries Ltd.,ICIL,450.65,311.3,303.52,295.17,-0.16,0.5,NSE_EQ|INE483B01026,308.11,2026-05-28T20:53:54.634079+05:30,309.75,Expecting value: line 1 column 1 (char 0),303.5,247.25,249.55,7.36,229.0,0.0,0.0
Capital Goods,Ingersoll Rand (India) Ltd.,INGERRAND,5000.0,4439.6,4393.17,4343.29,0.39,2.33,NSE_EQ|INE177A01018,4401.29,2026-05-28T20:53:55.654048+05:30,4336.0,Expecting value: line 1 column 1 (char 0),4336.5,3656.54,3665.06,-2.17,3640.0,3843.4,-7.88
Healthcare,Innova Captab Ltd.,INNOVACAP,1260.0,846.2,854.65,837.71,-1.8,0.14,NSE_EQ|INE0DUT01020,852.42,2026-05-28T20:53:56.683826+05:30,845.0,Expecting value: line 1 column 1 (char 0),844.15,684.37,684.75,1.51,670.0,670.0,1.51
Power,Inox Green Energy Services Ltd.,INOXGREEN,279.0,173.9,179.21,178.79,0.22,-3.1,NSE_EQ|INE510W01014,177.68,2026-05-28T20:53:57.712723+05:30,179.29,Expecting value: line 1 column 1 (char 0),0.0,147.97,150.5,-8.02,150.0,143.5,-3.34
Utilities,Ion Exchange (India) Ltd.,IONEXCHANG,768.4,382.2,395.9,395.88,-0.56,-0.73,NSE_EQ|INE570A01022,394.71,2026-05-28T20:53:58.743034+05:30,385.0,Expecting value: line 1 column 1 (char 0),399.5,340.39,343.17,-1.78,337.05,0.0,0.0
Construction,Isgec Heavy Engineering Ltd.,ISGEC,1675.55,1032.3,1058.34,1056.68,-2.41,-2.1,NSE_EQ|INE858B01029,1050.85,2026-05-28T20:53:59.772737+05:30,1054.0,Expecting value: line 1 column 1 (char 0),0.0,882.85,879.48,-0.45,885.0,885.0,-0.45
Construction,J.Kumar Infraprojects Ltd.,JKIL,936.8,502.5,496.8,497.79,-1.2,-1.27,NSE_EQ|INE576I01022,498.72,2026-05-28T20:54:00.826444+05:30,508.9,Expecting value: line 1 column 1 (char 0),499.15,486.69,492.42,-2.73,480.0,0.0,0.0
Construction Materials,JK Lakshmi Cement Ltd.,JKLAKSHMI,1021.2,604.0,626.43,636.23,-0.14,-2.15,NSE_EQ|INE786A01032,615.24,2026-05-28T20:54:01.858575+05:30,617.0,Expecting value: line 1 column 1 (char 0),0.0,617.68,627.4,1.41,592.85,592.85,1.41
Forest Materials,JK Paper Ltd.,JKPAPER,638.75,382.45,383.53,379.39,-1.57,-1.71,NSE_EQ|INE789E01012,384.6,2026-05-28T20:54:02.902033+05:30,389.0,Expecting value: line 1 column 1 (char 0),386.0,331.87,333.17,-3.62,333.8,332.0,-3.06
Metals & Mining,Jai Balaji Industries Ltd.,JAIBALAJI,262.8,73.0,75.43,76.17,0.82,-0.81,NSE_EQ|INE091G01026,73.75,2026-05-28T20:54:03.961945+05:30,73.59,Expecting value: line 1 column 1 (char 0),0.0,61.94,62.56,-8.29,63.07,62.3,-6.97
Capital Goods,Jain Irrigation Systems Ltd.,JISLJALEQS,150.4,30.35,30.56,31.24,-1.49,0.46,NSE_EQ|INE175A01038,30.19,2026-05-28T20:54:05.010902+05:30,30.21,Expecting value: line 1 column 1 (char 0),28.99,31.37,31.92,-1.21,29.99,33.65,-13.57
Automobile and Auto Components,Jamna Auto Industries Ltd.,JAMNAAUTO,152.6,123.92,118.94,119.75,4.87,-0.31,NSE_EQ|INE039C01032,120.08,2026-05-28T20:54:06.047230+05:30,124.3,Expecting value: line 1 column 1 (char 0),0.0,122.38,123.69,-0.07,117.88,117.0,0.68
Financial Services,Jana Small Finance Bank Ltd.,JSFB,760.9,488.25,472.04,462.75,1.3,-0.94,NSE_EQ|INE953L01027,477.96,2026-05-28T20:54:07.103793+05:30,492.85,Expecting value: line 1 column 1 (char 0),485.0,357.75,359.16,3.04,349.25,349.25,3.04
Textiles,Jindal Worldwide Ltd.,JINDWORLD,95.35,30.89,27.97,27.2,10.95,-1.97,NSE_EQ|INE247D01039,28.8,2026-05-28T20:54:08.163345+05:30,31.5,Expecting value: line 1 column 1 (char 0),0.0,21.48,21.92,-4.38,20.98,21.06,-4.78
Consumer Services,Justdial Ltd.,JUSTDIAL,1395.0,534.5,526.69,528.82,1.62,0.2,NSE_EQ|INE599M01018,528.14,2026-05-28T20:54:09.179777+05:30,533.45,Expecting value: line 1 column 1 (char 0),523.8,528.31,536.97,-1.69,517.95,0.0,0.0
Construction,KNR Constructions Ltd.,KNRCON,415.4,131.69,131.03,129.47,0.18,-1.5,NSE_EQ|INE634I01029,131.89,2026-05-28T20:54:10.202370+05:30,133.66,Expecting value: line 1 column 1 (char 0),128.24,119.66,121.73,-4.24,117.5,120.0,-6.46
Power,KPI Green Energy Ltd.,KPIGREEN,745.35,435.85,434.85,436.8,-0.94,0.2,NSE_EQ|INE542W01025,433.45,2026-05-28T20:54:11.239094+05:30,435.0,Expecting value: line 1 column 1 (char 0),429.9,380.38,382.12,0.6,373.25,0.0,0.0
Fast Moving Consumer Goods,KRBL Ltd.,KRBL,675.0,360.25,351.84,351.43,2.51,-0.85,NSE_EQ|INE001B01026,354.77,2026-05-28T20:54:12.286149+05:30,363.3,Expecting value: line 1 column 1 (char 0),355.65,304.92,309.46,3.04,287.35,287.35,3.04
Capital Goods,KRN Heat Exchanger and Refrigeration Ltd.,KRN,1405.0,1123.3,1116.84,1138.53,-0.2,2.88,NSE_EQ|INE0Q3J01015,1101.74,2026-05-28T20:54:13.348552+05:30,1091.0,Expecting value: line 1 column 1 (char 0),1055.0,888.45,881.37,1.31,885.0,885.0,1.31
Capital Goods,Kalyani Steels Ltd.,KSL,1277.0,858.2,833.41,821.28,4.31,1.05,NSE_EQ|INE907A01026,840.25,2026-05-28T20:54:14.342155+05:30,849.2,Expecting value: line 1 column 1 (char 0),810.0,671.17,677.67,0.36,649.0,718.55,-10.32
Consumer Durables,Kansai Nerolac Paints Ltd.,KANSAINER,453.35,218.34,216.85,212.78,-0.34,0.13,NSE_EQ|INE531A01024,217.9,2026-05-28T20:54:15.372713+05:30,218.06,Expecting value: line 1 column 1 (char 0),0.0,173.82,177.59,-2.92,166.0,199.8,-23.88
Financial Services,Karnataka Bank Ltd.,KTKBANK,286.55,271.85,262.54,258.33,0.77,0.75,NSE_EQ|INE614B01018,266.48,2026-05-28T20:54:16.389796+05:30,269.8,Expecting value: line 1 column 1 (char 0),267.0,219.17,217.6,-2.24,223.0,225.0,-3.15
Fast Moving Consumer Goods,Kaveri Seed Company Ltd.,KSCL,1602.0,899.7,923.69,930.01,-2.57,-0.06,NSE_EQ|INE455I01029,912.2,2026-05-28T20:54:17.411347+05:30,900.2,Expecting value: line 1 column 1 (char 0),0.0,806.87,808.73,0.91,801.8,792.1,2.11
Capital Goods,Kirloskar Pneumatic Company Ltd.,KIRLPNU,1817.0,1643.8,1604.82,1545.91,-0.48,-1.65,NSE_EQ|INE811A01020,1634.47,2026-05-28T20:54:18.417327+05:30,1671.0,Expecting value: line 1 column 1 (char 0),1629.0,1084.71,1090.04,3.03,1040.0,1040.0,3.03
Textiles,Kitex Garments Ltd.,KITEX,324.42,161.19,160.51,161.64,-0.46,-1.12,NSE_EQ|INE602G01020,160.82,2026-05-28T20:54:19.435266+05:30,163.0,Expecting value: line 1 column 1 (char 0),159.9,164.04,165.94,1.51,156.0,156.0,1.51
Capital Goods,LMW Ltd.,LMW,19199.95,15997.0,14902.43,14690.29,2.61,3.81,NSE_EQ|INE269B01029,15182.27,2026-05-28T20:54:20.447258+05:30,15388.0,Expecting value: line 1 column 1 (char 0),14880.0,13793.7,13931.48,-4.0,13701.0,14500.0,-10.07
Chemicals,Laxmi Organic Industries Ltd.,LXCHEM,628.0,151.4,153.86,151.95,-1.67,-0.72,NSE_EQ|INE576O01020,153.11,2026-05-28T20:54:21.455539+05:30,152.49,Expecting value: line 1 column 1 (char 0),156.45,120.23,121.71,-1.19,119.4,115.68,1.97
Consumer Services,Le Travenues Technology Ltd.,IXIGO,339.15,164.44,167.07,167.38,-5.06,-3.26,NSE_EQ|INE0HV901016,167.62,2026-05-28T20:54:22.459950+05:30,169.8,Expecting value: line 1 column 1 (char 0),173.7,173.26,174.95,1.56,170.55,170.55,1.56
Capital Goods,Lloyds Engineering Works Ltd.,LLOYDSENGG,93.4,78.11,71.72,67.44,1.57,0.78,NSE_EQ|INE093R01011,74.53,2026-05-28T20:54:23.469807+05:30,77.5,Expecting value: line 1 column 1 (char 0),75.8,41.8,42.56,-4.82,40.92,0.0,0.0
Metals & Mining,Lloyds Enterprises Ltd.,LLOYDSENT,96.4,74.75,70.98,69.32,1.14,3.14,NSE_EQ|INE080I01025,72.0,2026-05-28T20:54:24.474143+05:30,72.4,Expecting value: line 1 column 1 (char 0),71.7,46.01,46.93,-4.6,44.8,46.0,-7.4
Automobile and Auto Components,Lumax Auto Technologies Ltd.,LUMAXTECH,1898.0,1668.1,1636.84,1647.59,1.75,2.66,NSE_EQ|INE872H01027,1635.48,2026-05-28T20:54:25.472877+05:30,1623.7,Expecting value: line 1 column 1 (char 0),1591.0,1558.22,1558.51,0.63,1560.2,0.0,0.0
Textiles,Lux Industries Ltd.,LUXIND,4644.0,1446.5,1391.72,1396.72,0.54,4.46,NSE_EQ|INE150G01020,1392.67,2026-05-28T20:54:26.466872+05:30,1382.0,Expecting value: line 1 column 1 (char 0),1330.0,929.2,928.45,1.43,938.35,938.35,1.43
Metals & Mining,MOIL Ltd.,MOIL,588.0,303.0,303.31,305.74,-1.31,0.33,NSE_EQ|INE490G01020,302.24,2026-05-28T20:54:27.495134+05:30,302.0,Expecting value: line 1 column 1 (char 0),298.8,288.79,290.61,1.26,286.0,286.0,1.26
Services,MSTC Ltd.,MSTCLTD,1165.0,438.6,430.99,431.95,1.39,0.62,NSE_EQ|INE255X01014,432.65,2026-05-28T20:54:28.531158+05:30,435.9,Expecting value: line 1 column 1 (char 0),430.05,416.43,421.43,-4.39,415.0,0.0,0.0
Capital Goods,MTAR Technologies Ltd.,MTARTECH,8449.5,7889.5,7543.39,6968.51,-1.55,0.14,NSE_EQ|INE864I01014,7817.06,2026-05-28T20:54:29.550115+05:30,7878.5,Expecting value: line 1 column 1 (char 0),0.0,3540.07,3526.26,2.02,3475.0,3475.0,2.02
Realty,Mahindra Lifespace Developers Ltd.,MAHLIFE,678.8,342.75,335.48,333.66,0.97,0.41,NSE_EQ|INE813A01018,338.61,2026-05-28T20:54:30.604556+05:30,341.35,Expecting value: line 1 column 1 (char 0),335.7,341.29,344.14,-3.18,339.0,0.0,0.0
Construction,Man Infraconstruction Ltd.,MANINFRA,262.8,116.11,118.4,117.96,-0.02,0.53,NSE_EQ|INE949H01023,116.8,2026-05-28T20:54:31.679149+05:30,115.5,Expecting value: line 1 column 1 (char 0),0.0,92.99,94.82,-3.78,90.01,0.0,0.0
Fast Moving Consumer Goods,Manorama Industries Ltd.,MANORAMA,1760.0,1453.1,1418.44,1420.23,3.65,-0.67,NSE_EQ|INE00VM01036,1426.38,2026-05-28T20:54:32.702040+05:30,1462.8,Expecting value: line 1 column 1 (char 0),1407.8,1293.39,1301.8,1.18,1250.0,1250.0,1.18
Healthcare,Marksans Pharma Ltd.,MARKSANS,358.7,249.27,224.71,212.31,13.1,-0.85,NSE_EQ|INE750C01026,235.54,2026-05-28T20:54:33.830610+05:30,251.39,Expecting value: line 1 column 1 (char 0),214.0,168.25,169.02,-2.23,168.21,167.84,-2.01
Information Technology,Mastek Ltd.,MASTEK,3669.0,1632.4,1632.28,1633.92,-2.44,0.01,NSE_EQ|INE759A01021,1635.68,2026-05-28T20:54:34.927408+05:30,1632.2,Expecting value: line 1 column 1 (char 0),1635.5,1496.12,1525.7,0.09,1430.7,0.0,0.0
Realty,Max Estates Ltd.,MAXESTATES,698.75,455.5,426.65,414.34,3.91,1.55,NSE_EQ|INE03EI01018,438.97,2026-05-28T20:54:35.979777+05:30,448.45,Expecting value: line 1 column 1 (char 0),431.4,368.81,372.62,-3.53,364.9,365.0,-3.56
Consumer Services,Medplus Health Services Ltd.,MEDPLUS,3371.0,881.85,900.61,896.13,2.09,-0.12,NSE_EQ|INE804L01022,895.32,2026-05-28T20:54:37.021950+05:30,882.95,Expecting value: line 1 column 1 (char 0),864.0,830.91,832.08,0.56,819.9,830.0,-0.67
Capital Goods,Mishra Dhatu Nigam Ltd.,MIDHANI,547.5,416.45,408.99,400.67,-0.49,0.35,NSE_EQ|INE099Z01011,412.62,2026-05-28T20:54:38.064027+05:30,415.0,Expecting value: line 1 column 1 (char 0),405.0,316.7,320.43,-4.19,313.0,337.3,-12.28
Fast Moving Consumer Goods,Mrs. Bectors Food Specialities Ltd.,BECTORFOOD,21279.8,180.76,182.26,185.91,1.08,-1.24,NSE_EQ|INE495P01020,180.54,2026-05-28T20:54:39.113004+05:30,183.01,Expecting value: line 1 column 1 (char 0),180.0,187.15,189.9,-0.92,182.84,0.0,0.0
Chemicals,NEOGEN CHEMICALS LTD.,NEOGEN,2420.0,1780.0,1718.82,1678.3,0.59,0.01,NSE_EQ|INE136S01016,1744.7,2026-05-28T20:54:40.181549+05:30,1779.9,Expecting value: line 1 column 1 (char 0),1690.0,1300.71,1305.36,-5.86,1310.0,1330.0,-7.47
Services,NESCO Ltd.,NESCO,1638.9,1220.0,1242.83,1235.85,-2.57,-2.3,NSE_EQ|INE317F01035,1238.68,2026-05-28T20:54:41.250212+05:30,1248.0,Expecting value: line 1 column 1 (char 0),1250.0,1059.91,1067.6,0.4,1040.0,1026.5,1.7
Chemicals,National Fertilizers Ltd.,NFL,169.95,78.05,76.62,76.26,0.84,-0.32,NSE_EQ|INE870D01012,77.25,2026-05-28T20:54:42.287111+05:30,78.3,Expecting value: line 1 column 1 (char 0),0.0,70.78,71.58,-0.51,68.95,0.0,0.0
Media Entertainment & Publication,Nazara Technologies Ltd.,NAZARA,419.5,289.5,286.36,280.29,-0.33,-0.66,NSE_EQ|INE418L01047,288.93,2026-05-28T20:54:43.325117+05:30,291.4,Expecting value: line 1 column 1 (char 0),286.8,238.23,241.1,-1.75,233.0,0.0,0.0
Media Entertainment & Publication,Network18 Media & Investments Ltd.,NETWORK18,135.7,31.27,31.95,32.54,-0.16,-0.74,NSE_EQ|INE870H01013,31.57,2026-05-28T20:54:44.354141+05:30,31.5,Expecting value: line 1 column 1 (char 0),0.0,31.38,31.87,-1.66,30.6,0.0,0.0
Telecommunication,Optiemus Infracom Ltd.,OPTIEMUS,873.8,416.85,420.79,418.23,-2.46,-1.14,NSE_EQ|INE350C01017,419.8,2026-05-28T20:54:45.382287+05:30,421.6,Expecting value: line 1 column 1 (char 0),422.0,346.89,353.91,0.32,327.6,0.0,0.0
Healthcare,Orchid Pharma Ltd.,ORCHPHARMA,2654.25,765.0,718.96,690.27,0.26,4.74,NSE_EQ|INE191A01027,732.68,2026-05-28T20:54:46.428107+05:30,728.75,Expecting value: line 1 column 1 (char 0),0.0,535.32,546.12,-2.72,526.45,512.0,0.1
Construction Materials,Orient Cement Ltd.,ORIENTCEM,379.0,143.94,139.03,139.31,1.17,1.35,NSE_EQ|INE876N01018,140.08,2026-05-28T20:54:47.467991+05:30,142.0,Expecting value: line 1 column 1 (char 0),138.85,135.44,137.7,-2.21,131.6,0.0,0.0
Capital Goods,Oswal Pumps Ltd.,OSWALPUMPS,888.4,362.5,369.68,378.66,-3.51,0.81,NSE_EQ|INE0BYP01024,361.83,2026-05-28T20:54:48.508714+05:30,359.55,Expecting value: line 1 column 1 (char 0),0.0,311.21,315.41,-0.81,310.0,0.0,0.0
Consumer Durables,P N Gadgil Jewellers Ltd.,PNGJL,848.0,536.25,553.27,583.35,0.58,0.59,NSE_EQ|INE953R01016,535.09,2026-05-28T20:54:49.530166+05:30,533.1,Expecting value: line 1 column 1 (char 0),0.0,559.5,559.36,-0.78,564.95,558.95,0.29
Consumer Durables,PC Jeweller Ltd.,PCJEWELLER,60.06,9.2,8.76,8.82,-0.33,-0.98,NSE_EQ|INE785M01021,8.88,2026-05-28T20:54:50.555718+05:30,9.29,Expecting value: line 1 column 1 (char 0),8.03,8.5,8.65,-3.75,8.3,0.0,0.0
Construction,PNC Infratech Ltd.,PNCINFRA,574.8,211.72,213.65,213.25,-1.09,-0.56,NSE_EQ|INE195J01029,212.49,2026-05-28T20:54:51.574505+05:30,212.9,Expecting value: line 1 column 1 (char 0),211.0,187.42,190.9,-6.37,185.0,198.0,-13.85
Power,PTC India Ltd.,PTC,254.6,189.69,197.33,198.74,0.17,-1.4,NSE_EQ|INE877F01012,193.19,2026-05-28T20:54:52.590760+05:30,192.35,Expecting value: line 1 column 1 (char 0),0.0,162.78,163.23,-1.59,164.0,157.79,2.25
Chemicals,Paradeep Phosphates Ltd.,PARADEEP,234.39,126.89,126.01,125.62,-0.76,-0.64,NSE_EQ|INE088F01024,126.69,2026-05-28T20:54:53.655939+05:30,127.7,Expecting value: line 1 column 1 (char 0),123.6,111.82,112.95,0.73,109.5,118.54,-7.47
Capital Goods,Paras Defence and Space Technologies Ltd.,PARAS,972.5,846.65,817.26,802.17,0.02,-1.93,NSE_EQ|INE045601023,833.02,2026-05-28T20:54:54.712376+05:30,863.0,Expecting value: line 1 column 1 (char 0),824.0,638.2,641.61,-0.93,625.15,0.0,0.0
Construction,Patel Engineering Ltd.,PATELENG,107.5,27.72,26.87,27.0,5.58,-0.18,NSE_EQ|INE244B01030,27.03,2026-05-28T20:54:55.762790+05:30,27.77,Expecting value: line 1 column 1 (char 0),0.0,25.03,25.34,-2.24,24.62,27.29,-13.33
Textiles,Pearl Global Industries Ltd.,PGIL,1993.3,1621.0,1607.93,1589.51,0.59,-1.04,NSE_EQ|INE940H01022,1621.02,2026-05-28T20:54:56.828075+05:30,1637.8,Expecting value: line 1 column 1 (char 0),1601.1,1464.62,1476.61,-5.65,1485.5,1467.8,-4.4
Capital Goods,Polyplex Corporation Ltd.,POLYPLEX,2870.2,904.05,916.06,911.53,-1.43,-0.11,NSE_EQ|INE633B01018,915.01,2026-05-28T20:54:57.886511+05:30,905.0,Expecting value: line 1 column 1 (char 0),873.0,835.26,835.5,-1.3,841.0,819.5,1.29
Construction,Power Mech Projects Ltd.,POWERMECH,3725.0,2482.3,2488.77,2460.56,-2.65,0.5,NSE_EQ|INE211R01019,2496.1,2026-05-28T20:54:58.929287+05:30,2470.0,Expecting value: line 1 column 1 (char 0),2501.0,1964.29,1981.58,-4.04,1955.0,1950.0,-3.78
Automobile and Auto Components,Pricol Ltd.,PRICOLLTD,694.2,558.25,564.72,571.67,-0.68,-1.03,NSE_EQ|INE726V01018,560.14,2026-05-28T20:54:59.972593+05:30,564.0,Expecting value: line 1 column 1 (char 0),545.0,541.67,547.02,0.58,527.0,516.0,2.66
Capital Goods,Prince Pipes and Fittings Ltd.,PRINCEPIPE,897.0,266.25,264.73,261.05,-1.93,-0.68,NSE_EQ|INE689W01016,267.29,2026-05-28T20:55:00.992922+05:30,268.05,Expecting value: line 1 column 1 (char 0),0.0,236.76,238.73,-4.38,236.0,235.0,-3.94
Construction Materials,Prism Johnson Ltd.,PRSMJOHNSN,246.0,121.5,122.71,124.85,5.18,-3.17,NSE_EQ|INE010A01011,121.52,2026-05-28T20:55:02.056244+05:30,125.35,Expecting value: line 1 column 1 (char 0),0.0,125.04,125.03,-0.32,125.5,122.0,2.48
Chemicals,Privi Speciality Chemicals Ltd.,PRIVISCL,3590.9,3261.0,3256.76,3236.06,1.86,-2.49,NSE_EQ|INE959A01019,3275.64,2026-05-28T20:55:03.118291+05:30,3342.3,Expecting value: line 1 column 1 (char 0),3280.0,2915.88,2909.52,0.8,2918.0,2845.3,3.27
Financial Services,Prudent Corporate Advisory Services Ltd.,PRUDENT,3735.2,2679.8,2713.6,2720.29,1.54,-2.01,NSE_EQ|INE00F201020,2694.49,2026-05-28T20:55:04.181749+05:30,2733.7,Expecting value: line 1 column 1 (char 0),2680.6,2263.83,2281.43,-0.17,2234.0,2152.0,3.5
Realty,Puravankara Ltd.,PURVA,569.6,220.84,222.04,219.15,-2.73,-1.48,NSE_EQ|INE323I01011,223.12,2026-05-28T20:55:05.254465+05:30,224.1,Expecting value: line 1 column 1 (char 0),223.0,183.11,187.15,-1.78,175.21,0.0,0.0
Services,Quess Corp Ltd.,QUESS,1303.15,213.16,206.62,205.59,-1.12,3.52,NSE_EQ|INE615P01015,207.27,2026-05-28T20:55:06.330524+05:30,205.66,Expecting value: line 1 column 1 (char 0),0.0,181.31,183.44,0.27,174.53,0.0,0.0
Chemicals,Rain Industries Ltd,RAIN,475.0,176.49,162.91,153.87,-4.41,2.48,NSE_EQ|INE855B01025,169.41,2026-05-28T20:55:07.406491+05:30,172.11,Expecting value: line 1 column 1 (char 0),0.0,115.05,118.27,-1.99,107.0,145.99,-39.16
Chemicals,Rallis India Ltd.,RALLIS,385.9,250.6,254.85,257.03,0.69,-2.15,NSE_EQ|INE613A01020,252.78,2026-05-28T20:55:08.441120+05:30,256.0,Expecting value: line 1 column 1 (char 0),0.0,242.79,245.56,-2.15,238.0,0.0,0.0
Information Technology,Rategain Travel Technologies Ltd.,RATEGAIN,921.7,728.9,688.74,656.77,0.64,-0.97,NSE_EQ|INE0CLI01024,712.21,2026-05-28T20:55:09.527756+05:30,736.0,Expecting value: line 1 column 1 (char 0),717.0,492.35,499.12,0.53,478.3,471.8,1.88
Capital Goods,Ratnamani Metals & Tubes Ltd.,RATNAMANI,3978.5,2575.0,2600.57,2614.5,1.3,-0.92,NSE_EQ|INE703B01027,2571.51,2026-05-28T20:55:10.549342+05:30,2598.7,Expecting value: line 1 column 1 (char 0),2550.0,2310.38,2311.69,-1.58,2311.0,2342.0,-2.94
Consumer Services,RattanIndia Enterprises Ltd.,RTNINDIA,94.85,35.38,34.83,34.73,-0.66,2.06,NSE_EQ|INE834M01019,34.91,2026-05-28T20:55:11.557789+05:30,34.65,,33.5,27.47,27.9,3.09,26.62,26.62,3.09
Power,RattanIndia Power Ltd.,RTNPOWER,21.1,9.84,9.38,9.42,-0.43,5.89,NSE_EQ|INE399K01017,9.42,2026-05-28T20:55:12.640737+05:30,9.26,Expecting value: line 1 column 1 (char 0),0.0,8.14,8.19,-3.14,8.2,8.17,-2.77
Textiles,Raymond Lifestyle Ltd.,RAYMONDLSL,3100.0,710.5,737.08,756.95,-2.55,-0.51,NSE_EQ|INE02ID01020,722.63,2026-05-28T20:55:13.696191+05:30,714.15,Expecting value: line 1 column 1 (char 0),713.0,801.82,814.41,-16.2,859.0,0.0,0.0
Chemicals,Refex Industries Ltd.,REFEX,600.0,328.75,286.79,273.93,3.73,9.35,NSE_EQ|INE056I01025,298.97,2026-05-28T20:55:14.822347+05:30,298.0,Expecting value: line 1 column 1 (char 0),284.15,203.99,206.68,-0.51,198.0,197.15,-0.08
Consumer Durables,Relaxo Footwears Ltd.,RELAXO,1448.0,302.0,296.91,296.65,0.6,0.13,NSE_EQ|INE131B01039,298.66,2026-05-28T20:55:15.832992+05:30,301.6,Expecting value: line 1 column 1 (char 0),0.0,285.8,293.79,-4.45,270.0,0.0,0.0
Financial Services,Religare Enterprises Ltd.,RELIGARE,320.0,237.83,233.0,229.25,1.57,-1.44,NSE_EQ|INE621H01010,236.61,2026-05-28T20:55:16.925285+05:30,241.25,Expecting value: line 1 column 1 (char 0),238.0,217.62,218.35,1.85,214.0,214.0,1.85
Consumer Services,Restaurant Brands Asia Ltd.,RBA,213.8,69.07,67.95,67.1,-0.79,1.77,NSE_EQ|INE07T201019,68.31,2026-05-28T20:55:17.962186+05:30,67.85,Expecting value: line 1 column 1 (char 0),67.75,61.04,61.38,-2.42,61.0,0.0,0.0
Telecommunication,Route Mobile Ltd.,ROUTE,2389.0,514.75,516.17,517.21,-0.19,-0.41,NSE_EQ|INE450U01017,514.57,2026-05-28T20:55:18.999719+05:30,516.85,Expecting value: line 1 column 1 (char 0),0.0,473.58,480.87,0.05,460.0,460.6,-0.08
Consumer Durables,SKY GOLD AND DIAMONDS Ltd.,SKYGOLD,549.9,486.65,471.94,460.96,-1.88,0.36,NSE_EQ|INE01IU01018,478.09,2026-05-28T20:55:20.053322+05:30,484.9,Expecting value: line 1 column 1 (char 0),475.65,337.98,338.85,-4.91,345.0,332.0,-0.96
Consumer Durables,Safari Industries (India) Ltd.,SAFARI,2744.7,1525.0,1505.86,1498.22,1.65,-0.98,NSE_EQ|INE429E01023,1520.25,2026-05-28T20:55:21.108118+05:30,1540.0,Expecting value: line 1 column 1 (char 0),1515.3,1572.62,1605.58,-2.39,1514.3,0.0,0.0
Consumer Services,Samhi Hotels Ltd.,SAMHI,254.5,164.6,156.61,155.3,3.24,-3.25,NSE_EQ|INE08U801020,160.41,2026-05-28T20:55:22.194269+05:30,169.95,Expecting value: line 1 column 1 (char 0),164.45,144.6,146.97,-4.77,142.0,146.0,-7.73
Oil Gas & Consumable Fuels,Sandur Manganese & Iron Ores Ltd.,SANDUMA,273.0,240.58,230.52,225.17,1.45,0.24,NSE_EQ|INE149K01016,234.23,2026-05-28T20:55:23.249230+05:30,240.0,Expecting value: line 1 column 1 (char 0),233.9,187.53,190.2,-3.69,183.36,0.0,0.0
Healthcare,Sanofi Consumer Healthcare India Ltd.,SANOFICONR,5894.5,4547.0,4687.38,4692.09,-0.51,-2.66,NSE_EQ|INE0UOS01011,4643.67,2026-05-28T20:55:24.295038+05:30,4668.0,Expecting value: line 1 column 1 (char 0),4740.0,4210.78,4223.31,-1.99,4202.0,4354.5,-5.69
Healthcare,Sanofi India Ltd.,SANOFI,10524.95,3223.4,3218.28,3269.04,0.48,0.51,NSE_EQ|INE058A01010,3202.85,2026-05-28T20:55:25.341935+05:30,3207.0,Expecting value: line 1 column 1 (char 0),0.0,3462.71,3521.96,-4.19,3384.0,0.0,0.0
Automobile and Auto Components,Sansera Engineering Ltd.,SANSERA,2992.2,2941.7,2727.05,2611.85,-0.7,1.45,NSE_EQ|INE953O01021,2840.84,2026-05-28T20:55:26.397808+05:30,2899.0,Expecting value: line 1 column 1 (char 0),2870.0,2124.45,2119.74,-0.71,2131.0,2299.0,-8.65
Consumer Durables,Senco Gold Ltd.,SENCO,772.0,340.15,342.1,337.27,-1.69,-2.9,NSE_EQ|INE602W01027,344.62,2026-05-28T20:55:27.493017+05:30,350.0,Expecting value: line 1 column 1 (char 0),341.5,298.71,300.95,0.8,291.65,290.55,1.17
Capital Goods,Shaily Engineering Plastics Ltd.,SHAILY,2836.9,2661.2,2692.85,2619.12,-2.29,-1.5,NSE_EQ|INE151G01028,2696.23,2026-05-28T20:55:28.559187+05:30,2701.0,Expecting value: line 1 column 1 (char 0),0.0,2209.66,2181.23,-0.93,2350.0,1860.0,20.11
Capital Goods,Shakti Pumps (India) Ltd.,SHAKTIPUMP,1387.0,509.8,513.62,522.55,-0.32,-0.24,NSE_EQ|INE908D01010,509.16,2026-05-28T20:55:29.627726+05:30,511.0,,497.25,502.7,510.74,-0.65,490.0,478.0,1.82
Chemicals,Sharda Cropchem Ltd.,SHARDACROP,1297.0,934.8,957.93,995.35,1.43,-3.77,NSE_EQ|INE221J01015,938.95,2026-05-28T20:55:30.655332+05:30,970.0,Expecting value: line 1 column 1 (char 0),952.1,983.61,997.13,-5.22,960.0,0.0,0.0
Automobile and Auto Components,Sharda Motor Industries Ltd.,SHARDAMOTR,1476.0,844.05,863.39,865.41,-0.68,-0.85,NSE_EQ|INE597I01028,854.97,2026-05-28T20:55:31.680287+05:30,851.25,Expecting value: line 1 column 1 (char 0),0.0,798.77,809.43,-2.42,783.55,0.0,0.0
Financial Services,Share India Securities Ltd.,SHAREINDIA,405.3,138.4,141.23,141.63,-0.38,-1.52,NSE_EQ|INE932X01026,140.29,2026-05-28T20:55:32.717725+05:30,140.5,Expecting value: line 1 column 1 (char 0),0.0,127.44,128.98,0.49,122.54,126.0,-2.32
Consumer Durables,Sheela Foam Ltd.,SFL,2027.5,629.4,607.09,585.43,-1.32,-0.1,NSE_EQ|INE916U01025,622.17,2026-05-28T20:55:33.762248+05:30,630.0,Expecting value: line 1 column 1 (char 0),589.3,517.24,521.2,-2.37,516.0,0.0,0.0
Healthcare,Shilpa Medicare Ltd.,SHILPAMED,529.8,491.8,482.31,462.37,-2.01,-2.68,NSE_EQ|INE790G01031,493.44,2026-05-28T20:55:34.810058+05:30,505.0,Expecting value: line 1 column 1 (char 0),500.0,328.66,327.33,5.28,320.15,312.8,7.46
Fast Moving Consumer Goods,Shree Renuka Sugars Ltd.,RENUKA,68.75,23.4,24.1,25.05,-1.59,0.43,NSE_EQ|INE087H01022,23.6,2026-05-28T20:55:35.877903+05:30,23.3,Expecting value: line 1 column 1 (char 0),23.6,24.35,24.35,-2.06,24.8,23.86,1.81
Automobile and Auto Components,Shriram Pistons & Rings Ltd.,SHRIPISTON,3764.9,3315.0,3324.64,3367.47,1.75,-0.02,NSE_EQ|INE526E01018,3294.98,2026-05-28T20:55:36.934993+05:30,3315.6,Expecting value: line 1 column 1 (char 0),3238.7,3001.15,2996.54,-4.52,3125.0,2979.0,0.37
Capital Goods,Skipper Ltd.,SKIPPER,665.0,516.8,479.35,467.25,4.67,2.38,NSE_EQ|INE439E01022,491.34,2026-05-28T20:55:37.998824+05:30,504.5,Expecting value: line 1 column 1 (char 0),478.45,347.73,350.39,-4.59,354.25,338.0,0.21
Financial Services,South Indian Bank Ltd.,SOUTHBANK,46.84,41.15,40.43,40.04,0.1,1.99,NSE_EQ|INE683A01023,40.79,2026-05-28T20:55:39.288700+05:30,40.33,Expecting value: line 1 column 1 (char 0),0.0,36.75,37.21,-2.5,35.61,38.28,-10.19
Construction Materials,Star Cement Ltd.,STARCEMENT,308.95,216.57,217.61,219.73,-1.3,-0.43,NSE_EQ|INE460H01021,216.59,2026-05-28T20:55:40.275163+05:30,217.5,Expecting value: line 1 column 1 (char 0),217.0,211.28,211.38,-0.95,213.0,200.0,5.21
Construction,Sterling and Wilson Renewable Energy Ltd.,SWSOLAR,828.0,191.07,197.04,199.38,-3.03,-0.49,NSE_EQ|INE00M201021,194.14,2026-05-28T20:55:41.258408+05:30,192.0,Expecting value: line 1 column 1 (char 0),0.0,172.07,174.59,-3.56,168.51,0.0,0.0
Telecommunication,Sterlite Technologies Ltd.,STLTECH,510.65,510.65,443.43,400.3,0.0,0.0,NSE_EQ|INE089C01029,471.68,2026-05-28T20:55:42.255256+05:30,510.65,Expecting value: line 1 column 1 (char 0),425.0,179.17,176.09,-2.77,185.0,0.0,0.0
Healthcare,Strides Pharma Science Ltd.,STAR,1675.0,1154.4,1154.55,1128.28,-1.62,-2.15,NSE_EQ|INE939A01011,1161.97,2026-05-28T20:55:43.278098+05:30,1179.2,Expecting value: line 1 column 1 (char 0),1144.0,900.02,896.48,0.79,903.65,0.0,0.0
Chemicals,Styrenix Performance Materials Ltd.,STYRENIX,3498.0,2269.2,2265.27,2252.41,2.34,-2.55,NSE_EQ|INE189B01011,2267.71,2026-05-28T20:55:44.284525+05:30,2327.0,Expecting value: line 1 column 1 (char 0),2252.8,1940.93,1941.58,-1.77,1945.0,0.0,0.0
Capital Goods,Subros Ltd.,SUBROS,1213.7,736.3,735.54,743.72,-1.55,1.7,NSE_EQ|INE287B01021,730.76,2026-05-28T20:55:45.316954+05:30,723.8,Expecting value: line 1 column 1 (char 0),715.0,691.59,701.01,2.23,655.0,655.0,2.23
Chemicals,Sudarshan Chemical Industries Ltd.,SUDARSCHEM,1603.0,978.85,957.57,929.37,-8.66,-2.67,NSE_EQ|INE659A01023,982.81,2026-05-28T20:55:46.358696+05:30,1005.0,Expecting value: line 1 column 1 (char 0),1020.8,811.81,820.77,-2.89,798.35,812.2,-4.67
Healthcare,Sun Pharma Advanced Research Company Ltd.,SPARC,532.0,221.35,201.09,183.13,-0.61,-4.88,NSE_EQ|INE232I01014,216.2,2026-05-28T20:55:47.408528+05:30,232.16,Expecting value: line 1 column 1 (char 0),178.97,116.84,118.28,-2.26,114.42,0.0,0.0
Capital Goods,Sunflag Iron & Steel Company Ltd.,SUNFLAG,428.0,391.85,376.85,359.35,0.65,-1.29,NSE_EQ|INE947A01014,384.58,2026-05-28T20:55:48.479925+05:30,396.9,Expecting value: line 1 column 1 (char 0),368.4,219.66,222.24,-1.6,215.01,210.1,0.72
Realty,Sunteck Realty Ltd.,SUNTECK,699.0,300.2,302.58,311.36,-0.85,-0.32,NSE_EQ|INE805D01034,298.99,2026-05-28T20:55:49.584959+05:30,301.15,Expecting value: line 1 column 1 (char 0),292.95,322.84,330.91,-2.34,303.9,0.0,0.0
Healthcare,Supriya Lifescience Ltd.,SUPRIYA,842.0,807.25,749.64,721.6,1.88,2.26,NSE_EQ|INE07RO01027,774.07,2026-05-28T20:55:50.644558+05:30,789.0,Expecting value: line 1 column 1 (char 0),766.3,590.37,599.05,-1.92,575.2,573.0,-1.53
Capital Goods,Surya Roshni Ltd.,SURYAROSNI,420.8,237.4,238.12,240.48,5.22,1.2,NSE_EQ|INE335A01020,234.9,2026-05-28T20:55:51.682207+05:30,234.55,Expecting value: line 1 column 1 (char 0),238.9,209.3,211.65,-2.52,208.7,0.0,0.0
Consumer Durables,Symphony Ltd.,SYMPHONY,2209.0,707.1,730.55,751.91,-1.6,-1.96,NSE_EQ|INE225D01027,716.12,2026-05-28T20:55:52.736432+05:30,720.95,Expecting value: line 1 column 1 (char 0),0.0,763.64,772.71,-5.65,765.0,0.0,0.0
Realty,TARC Ltd.,TARC,269.95,130.38,131.51,131.95,-0.08,-2.63,NSE_EQ|INE0EK901012,131.39,2026-05-28T20:55:53.795545+05:30,133.81,Expecting value: line 1 column 1 (char 0),132.0,127.61,130.16,-2.07,122.0,0.0,0.0
Capital Goods,TD Power Systems Ltd.,TDPOWERSYS,1379.6,1331.5,1288.69,1230.38,4.62,-3.45,NSE_EQ|INE419M01027,1318.66,2026-05-28T20:55:54.844063+05:30,1377.4,Expecting value: line 1 column 1 (char 0),1304.0,849.74,845.77,2.33,840.0,840.0,2.33
Financial Services,TSF Investments Ltd.,TSFINV,701.5,405.0,405.17,403.52,-2.06,-0.12,NSE_EQ|INE202Z01029,406.27,2026-05-28T20:55:55.897649+05:30,405.5,Expecting value: line 1 column 1 (char 0),392.45,368.78,373.72,-0.17,355.1,360.05,-1.57
Services,TVS Supply Chain Solutions Ltd.,TVSSCS,258.0,120.91,118.42,116.68,-1.33,-2.97,NSE_EQ|INE395N01027,120.13,2026-05-28T20:55:56.947083+05:30,124.5,Expecting value: line 1 column 1 (char 0),116.0,102.76,103.95,-1.6,99.05,110.5,-13.34
Information Technology,Tanla Platforms Ltd.,TANLA,2096.75,522.85,521.7,518.72,1.66,-2.08,NSE_EQ|INE483C01032,522.31,2026-05-28T20:55:57.967459+05:30,533.7,Expecting value: line 1 column 1 (char 0),521.0,424.94,429.58,-2.2,420.0,431.1,-4.9
Services,Teamlease Services Ltd.,TEAMLEASE,5550.0,1388.4,1376.02,1346.72,-0.16,-0.27,NSE_EQ|INE985S01024,1386.98,2026-05-28T20:55:59.030521+05:30,1392.2,Expecting value: line 1 column 1 (char 0),1380.0,1188.96,1199.4,2.24,1172.1,1172.1,2.24
Capital Goods,Tega Industries Ltd.,TEGA,2328.9,1599.7,1597.29,1613.89,-1.34,-0.27,NSE_EQ|INE011K01018,1595.69,2026-05-28T20:56:00.065190+05:30,1604.0,Expecting value: line 1 column 1 (char 0),1582.3,1684.73,1695.1,-6.2,1700.1,1710.0,-6.81
Capital Goods,Texmaco Rail & Eng. Ltd.,TEXRAIL,296.49,108.93,110.45,109.79,-4.02,-0.89,NSE_EQ|INE621L01012,109.77,2026-05-28T20:56:01.093830+05:30,109.9,Expecting value: line 1 column 1 (char 0),110.5,93.29,95.29,-1.23,89.63,98.99,-11.8
Consumer Durables,Thangamayil Jewellery Ltd.,THANGAMAYL,4373.0,3898.0,3810.78,3828.77,-0.52,1.5,NSE_EQ|INE085J01014,3829.61,2026-05-28T20:56:02.119784+05:30,3839.4,Expecting value: line 1 column 1 (char 0),3805.7,3424.39,3447.54,-0.29,3319.0,0.0,0.0
Capital Goods,The Anup Engineering Ltd.,ANUP,3859.4,1954.0,1979.35,1990.04,-0.41,-0.77,NSE_EQ|INE294Z01018,1968.65,2026-05-28T20:57:53.446072+05:30,1969.0,,1955.0,1613.1,1624.03,4.85,1570.0,1570.0,4.85
Consumer Services,Thomas Cook (India) Ltd.,THOMASCOOK,264.0,92.4,93.23,94.56,0.14,-0.22,NSE_EQ|INE332A01027,92.73,2026-05-28T20:57:54.522933+05:30,92.6,,0.0,97.74,99.01,-9.21,103.5,0.0,0.0
Healthcare,Thyrocare Technologies Ltd.,THYROCARE,536.6,512.15,482.25,464.17,1.92,-1.34,NSE_EQ|INE594H01019,494.01,2026-05-28T20:57:55.559099+05:30,519.0,,492.6,366.11,369.48,4.49,350.0,350.0,4.49
Fast Moving Consumer Goods,Tilaknagar Industries Ltd.,TI,549.7,446.35,441.41,443.42,4.12,-2.62,NSE_EQ|INE133E01013,443.51,2026-05-28T20:57:56.601038+05:30,458.05,,438.05,439.59,440.21,1.67,430.0,430.0,1.67
Capital Goods,Time Technoplast Ltd.,TIMETECHNO,256.8,179.81,177.39,178.89,-0.74,1.01,NSE_EQ|INE508G01029,177.4,2026-05-28T20:57:57.658810+05:30,178.0,,175.0,166.64,168.66,2.34,158.0,158.0,2.34
Media Entertainment & Publication,Tips Music Ltd.,TIPSMUSIC,950.0,670.6,656.17,645.01,1.83,2.37,NSE_EQ|INE716B01029,660.6,2026-05-28T20:57:58.692653+05:30,654.7,,643.15,515.77,517.73,2.03,505.0,505.0,2.03
Capital Goods,Transrail Lighting Ltd.,TRANSRAILL,855.8,491.65,512.56,526.87,1.39,1.35,NSE_EQ|INE454P01035,504.73,2026-05-28T20:57:59.751294+05:30,485.0,,511.9,506.64,509.89,1.21,492.0,492.0,1.21
Financial Services,Ujjivan Small Finance Bank Ltd.,UJJIVANSFB,68.0,54.49,54.98,55.97,0.97,-1.56,NSE_EQ|INE551W01018,54.5,2026-05-28T20:58:00.786667+05:30,55.34,,53.5,53.29,53.93,-2.26,52.5,54.98,-7.09
Capital Goods,Unimech Aerospace and Manufacturing Ltd.,UNIMECH,1523.75,983.5,958.25,959.31,-0.77,0.36,NSE_EQ|INE0U3I01011,960.5,2026-05-28T20:58:01.822240+05:30,980.0,,925.0,797.89,810.53,-5.29,775.15,848.0,-15.19
Consumer Services,V-Mart Retail Ltd.,VMART,1212.2,665.0,650.93,643.04,0.17,-0.32,NSE_EQ|INE665J01013,656.32,2026-05-28T20:58:02.862494+05:30,667.1,,642.95,516.19,523.2,-2.51,510.2,515.0,-3.48
Consumer Durables,V.I.P. Industries Ltd.,VIPIND,774.6,296.35,300.17,302.02,-1.41,-1.28,NSE_EQ|INE054A01027,300.14,2026-05-28T20:58:03.902521+05:30,300.15,,300.1,336.83,340.71,-5.22,336.65,0.0,0.0
Consumer Services,V2 Retail Ltd.,V2RETAIL,2564.1,1927.2,1911.58,1934.0,-4.21,4.47,NSE_EQ|INE945H01013,1899.64,2026-03-24T22:12:20.781324,1841.0,,1890.0,1934.35,1941.47,1.16,1904.9,1904.9,1.16
Fast Moving Consumer Goods,VST Industries Ltd.,VSTIND,486.15,258.15,257.57,255.9,0.25,0.06,NSE_EQ|INE710A01016,257.72,2026-05-28T20:58:05.824171+05:30,258.0,,0.0,218.49,220.13,0.55,214.5,0.0,0.0
Utilities,Va Tech Wabag Ltd.,WABAG,1944.0,1547.0,1456.27,1439.48,2.85,2.0,NSE_EQ|INE956G01038,1483.37,2026-05-28T20:58:06.817496+05:30,1516.0,,1463.4,1224.58,1225.74,-1.31,1224.5,1188.5,1.67
Consumer Durables,Vaibhav Global Ltd.,VAIBHAVGBL,1050.0,228.0,224.52,222.37,0.22,0.44,NSE_EQ|INE884A01027,226.37,2026-05-28T20:58:07.856466+05:30,227.0,,224.8,207.53,209.88,-1.56,202.1,213.0,-7.04
Automobile and Auto Components,Varroc Engineering Ltd.,VARROC,1178.7,587.3,568.55,557.5,-1.24,1.24,NSE_EQ|INE665L01035,575.96,2026-05-28T20:58:08.858813+05:30,580.0,,565.0,501.14,506.05,-0.61,494.0,475.0,3.26
Capital Goods,Vesuvius India Ltd.,VESUVIUS,646.0,474.9,476.46,482.39,1.15,-0.02,NSE_EQ|INE386A01023,473.27,2026-05-28T20:58:09.881747+05:30,475.0,,469.0,475.19,478.56,-3.45,471.2,485.0,-6.48
Chemicals,Vinati Organics Ltd.,VINATIORGA,2377.0,1325.7,1333.67,1333.13,-0.84,0.29,NSE_EQ|INE410B01037,1331.18,2026-05-28T20:58:10.905299+05:30,1321.8,,0.0,1388.16,1397.47,-1.07,1386.2,1353.0,1.35
Healthcare,Viyash Scientific Ltd.,VIYASH,336.5,250.26,243.74,233.14,-2.17,-7.44,NSE_EQ|INE807F01027,250.75,2026-05-28T20:58:11.960952+05:30,268.89,,0.0,194.16,195.81,1.19,186.54,186.54,1.19
Capital Goods,Voltamp Transformers Ltd,VOLTAMP,14800.0,9323.0,9330.82,9541.82,-0.24,1.87,NSE_EQ|INE540H01012,9244.71,2026-05-28T20:58:13.013678+05:30,9149.0,Expecting value: line 1 column 1 (char 0),9051.0,8505.21,8478.78,-0.69,8501.0,8540.0,-1.15
Capital Goods,Waaree Renewable Technologies Ltd.,WAAREERTL,1358.0,988.0,973.46,978.21,1.59,-0.51,NSE_EQ|INE299N01021,976.56,2026-05-28T20:58:14.110253+05:30,993.0,Expecting value: line 1 column 1 (char 0),977.0,837.56,841.13,-1.46,842.0,818.6,1.36
Capital Goods,Websol Energy System Ltd.,WEBELSOLAR,186.5,112.47,109.11,106.88,0.82,-1.36,NSE_EQ|INE855C01023,110.44,2026-05-28T20:58:15.198074+05:30,114.0,Expecting value: line 1 column 1 (char 0),109.4,68.67,67.81,-0.3,76.22,51.0,32.89
Construction,Welspun Enterprises Ltd.,WELENT,655.0,515.55,505.19,503.06,2.01,1.08,NSE_EQ|INE625G01013,507.12,2026-05-28T20:58:16.253966+05:30,510.0,Expecting value: line 1 column 1 (char 0),499.0,459.38,462.29,-1.31,450.05,450.0,-1.29
Consumer Services,Westlife Foodworld Ltd.,WESTLIFE,1024.95,469.3,471.85,474.34,0.47,-0.12,NSE_EQ|INE274F01020,469.27,2026-05-28T20:58:17.305045+05:30,469.85,Expecting value: line 1 column 1 (char 0),0.0,449.07,455.57,-2.4,435.0,468.0,-10.17
Healthcare,Yatharth Hospital & Trauma Care Services Ltd.,YATHARTH,889.9,813.25,828.05,816.63,-1.43,-1.72,NSE_EQ|INE0JO301016,825.39,2026-05-28T20:58:18.346734+05:30,827.25,Expecting value: line 1 column 1 (char 0),831.05,652.83,654.69,1.31,638.9,638.9,1.31
Information Technology,Zaggle Prepaid Ocean Services Ltd.,ZAGGLE,591.9,214.42,222.51,230.91,-0.64,-2.5,NSE_EQ|INE07K301024,216.95,2026-05-28T20:58:19.401711+05:30,219.77,Expecting value: line 1 column 1 (char 0),0.0,215.53,220.09,-0.01,206.0,217.25,-5.47
Fast Moving Consumer Goods,Zydus Wellness Ltd.,ZYDUSWELL,552.4,481.45,493.18,495.64,-0.83,-0.82,NSE_EQ|INE768C01028,487.22,2026-05-28T20:53:21.005206+05:30,485.4,Expecting value: line 1 column 1 (char 0),0.0,420.51,417.8,5.57,415.0,418.0,4.89
Information Technology,eMudhra Ltd.,EMUDHRA,1024.0,476.0,476.07,478.2,-1.75,-0.84,NSE_EQ|INE01QM01018,475.52,2026-05-28T20:53:22.048469+05:30,480.0,Expecting value: line 1 column 1 (char 0),475.0,409.45,416.29,0.69,393.55,401.0,-1.19
IPO-2024,Kross Limited,KROSS,270.89,192.0,193.2,193.59,0.14,-0.67,NSE_EQ|INE0O6601022,192.22,2026-05-28T20:53:23.134244+05:30,193.28,Expecting value: line 1 column 1 (char 0),188.99,177.48,180.05,-2.51,172.68,0.0,0.0
IPO-2024,Orient Technologies Limited,ORIENTTECH,613.5,282.75,278.81,279.25,2.34,-1.5,NSE_EQ|INE0PPK01015,279.84,2026-05-28T20:53:24.171576+05:30,287.0,Expecting value: line 1 column 1 (char 0),279.8,266.75,272.06,-3.1,258.1,260.1,-3.89
IPO-2024,Garuda Construction and Engineering Limited,GARUDA,249.3,177.91,173.84,174.67,-0.34,3.95,NSE_EQ|INE0JVO01026,173.46,2026-05-28T20:53:25.268351+05:30,170.89,Expecting value: line 1 column 1 (char 0),169.7,159.63,161.62,-2.26,155.43,157.55,-3.65
IPO-2024,Ecos (India) Mobility & Hospitality Limited,ECOSMOBLTY,593.7,155.55,140.84,138.74,10.66,2.09,NSE_EQ|INE06HJ01020,145.17,2026-05-28T20:53:26.294071+05:30,152.3,Expecting value: line 1 column 1 (char 0),133.0,122.86,127.57,1.84,110.2,110.2,1.84
IPO-2024,Diffusion Engineers Limited,DIFFNKG,489.96,336.9,322.97,315.9,0.89,3.16,NSE_EQ|INE184O01015,327.6,2026-05-28T20:53:27.348788+05:30,326.25,Expecting value: line 1 column 1 (char 0),0.0,259.25,259.3,5.03,254.7,245.4,8.5
IPO-2024,Dam Capital Advisors Limited,DAMCAPITAL,456.9,152.15,154.28,154.55,-0.3,-1.08,NSE_EQ|INE284H01025,153.51,2026-05-28T20:53:28.421514+05:30,153.79,Expecting value: line 1 column 1 (char 0),154.99,133.13,136.15,1.43,126.0,126.0,1.43
IPO-2024,Krystal Integrated Services Limited,KRYSTAL,1021.95,578.9,585.84,587.73,-1.2,-0.61,NSE_EQ|INE0QN801017,582.29,2026-05-28T20:53:29.480715+05:30,582.45,Expecting value: line 1 column 1 (char 0),581.65,562.87,568.08,-2.95,556.7,0.0,0.0
IPO-2024,Juniper Hotels Limited,JUNIPER,538.25,196.27,199.37,202.23,-0.21,-0.17,NSE_EQ|INE696F01016,197.63,2026-05-28T20:53:30.531231+05:30,196.6,Expecting value: line 1 column 1 (char 0),0.0,206.35,208.36,-0.82,204.62,198.47,2.21
IPO-2024,Exicom Tele-Systems Limited,EXICOM,530.0,147.21,136.35,127.51,-2.73,-0.5,NSE_EQ|INE777F01014,144.19,2026-05-28T20:53:31.541953+05:30,147.95,Expecting value: line 1 column 1 (char 0),0.0,88.04,88.91,-1.71,87.5,85.0,1.2
IPO-2024,One Mobikwik Systems Limited,MOBIKWIK,698.3,201.31,197.61,199.43,3.19,0.65,NSE_EQ|INE0HLU01028,197.15,2026-05-28T20:53:32.556552+05:30,200.0,Expecting value: line 1 column 1 (char 0),192.0,182.76,185.17,-2.76,179.92,179.7,-2.64
IPO-2024,Medi Assist Healthcare Services Limited,MEDIASSIST,716.15,367.4,371.91,370.26,0.25,0.52,NSE_EQ|INE456Z01021,369.15,2026-05-28T20:53:33.565608+05:30,365.5,Expecting value: line 1 column 1 (char 0),0.0,325.87,331.96,-3.62,325.05,0.0,0.0
IPO-2024,Popular Vehicles and Services Limited,PVSL,296.55,99.93,104.46,103.9,-0.93,-4.93,NSE_EQ|INE772T01024,104.18,2026-05-28T20:53:34.605836+05:30,104.86,Expecting value: line 1 column 1 (char 0),105.57,88.4,89.8,0.04,85.47,88.4,-3.39
IPO-2024,SRM Contractors Limited,SRM,649.95,524.4,509.55,503.42,-4.6,-0.3,NSE_EQ|INE0R6Z01013,516.35,2026-05-28T20:53:35.708779+05:30,525.95,Expecting value: line 1 column 1 (char 0),519.5,399.36,401.87,-0.76,398.0,385.0,2.53
IPO-2024,Carraro India Limited,CARRARO,692.4,555.1,579.44,572.12,0.25,-15.31,NSE_EQ|INE0V7W01012,581.1,2026-05-28T20:53:36.775486+05:30,640.1,Expecting value: line 1 column 1 (char 0),600.0,462.39,468.75,2.32,438.0,438.0,2.32
IPO-2024,Bansal Wire Industries Limited,BANSALWIRE,503.95,329.0,317.91,311.05,1.49,0.3,NSE_EQ|INE0B9K01025,322.77,2026-05-28T20:53:37.813191+05:30,328.0,Expecting value: line 1 column 1 (char 0),320.55,248.2,250.17,-1.84,249.5,240.0,2.04
IPO-2024,Indo Farm Equipment Limited,INDOFARM,293.2,131.9,131.27,133.47,-1.63,-0.36,NSE_EQ|INE622H01018,130.59,2026-05-28T20:53:38.825267+05:30,132.38,Expecting value: line 1 column 1 (char 0),129.2,125.53,127.84,-4.91,125.0,123.0,-3.23
IPO-2024,Sanstar Limited,SANSTAR,158.8,115.24,108.65,103.36,1.47,7.15,NSE_EQ|INE08NE01025,111.14,2026-05-28T20:53:39.840853+05:30,107.0,Expecting value: line 1 column 1 (char 0),105.53,82.88,83.49,-0.43,81.1,82.0,-1.55
IPO-2024,GPT Healthcare Limited,GPTHEALTH,219.9,139.56,140.18,139.58,-0.84,-0.73,NSE_EQ|INE486R01017,139.79,2026-05-28T20:53:40.830708+05:30,140.58,Expecting value: line 1 column 1 (char 0),0.0,121.98,122.73,-0.03,119.3,121.11,-1.54
IPO-2024,BLS E-Services Limited,BLSE,423.7,220.66,208.15,200.18,4.01,0.3,NSE_EQ|INE0NLT01010,214.05,2026-05-28T20:53:41.902518+05:30,220.0,Expecting value: line 1 column 1 (char 0),210.1,151.3,151.32,12.12,142.18,140.21,13.34
IPO-2024,R K Swamy Limited,RKSWAMY,320.7,98.48,95.96,93.78,-3.0,1.0,NSE_EQ|INE0NQ801033,97.46,2026-05-28T20:53:42.978169+05:30,97.5,Expecting value: line 1 column 1 (char 0),97.86,86.91,89.1,-11.4,85.0,0.0,0.0
IPO-2024,Platinum Industries Limited,PLATIND,502.05,225.0,228.25,230.19,-1.14,-0.23,NSE_EQ|INE0PT501018,225.6,2026-05-28T20:53:44.067102+05:30,225.51,Expecting value: line 1 column 1 (char 0),223.5,208.71,210.4,1.21,203.5,203.5,1.21
IPO-2024,Tolins Tyres Limited,TOLINS,259.2,120.54,108.5,107.16,6.97,5.01,NSE_EQ|INE0RWQ01014,111.64,2026-05-28T20:53:45.138505+05:30,114.5,Expecting value: line 1 column 1 (char 0),103.33,100.39,102.3,-3.6,98.63,103.0,-8.19
IPO-2024,Shree Tirupati Balajee Agro Trading Co. Ltd,BALAJEE,99.22,29.93,30.73,31.05,-3.19,-1.9,NSE_EQ|INE0S2G01011,30.38,2026-05-28T20:53:46.204840+05:30,30.5,Expecting value: line 1 column 1 (char 0),30.28,25.62,26.27,1.87,23.6,23.6,1.87
IPO-2024,Senores Pharmaceuticals Limited,SENORES,1194.4,1113.35,1088.28,1030.38,0.43,-2.93,NSE_EQ|INE0RB801010,1120.42,2026-05-28T20:53:47.290672+05:30,1146.0,Expecting value: line 1 column 1 (char 0),1116.45,745.08,749.25,-2.4,750.0,732.45,-0.01
IPO-2024,Manba Finance Limited,MANBA,199.8,108.9,108.54,109.48,-1.26,1.74,NSE_EQ|INE939X01013,107.97,2026-05-28T20:53:48.355603+05:30,107.01,Expecting value: line 1 column 1 (char 0),0.0,114.6,115.84,-2.74,112.5,114.72,-4.77
IPO-2024,Clearwater Analytics India,CEWATER,860.0,281.9,283.91,291.09,1.92,-1.35,NSE_EQ|INE037Z01029,281.01,2026-05-28T20:53:49.460658+05:30,285.7,Expecting value: line 1 column 1 (char 0),278.15,283.85,289.59,2.25,275.65,275.65,2.25
IPO-2024,Sanathan Textiles Limited,SANATHAN,560.2,408.6,416.49,423.29,2.79,-2.18,NSE_EQ|INE0JPD01013,411.12,2026-05-28T20:53:50.517575+05:30,417.5,Expecting value: line 1 column 1 (char 0),405.4,383.65,388.03,-3.8,382.0,393.0,-6.79
IPO-2024,Kronox Lab Sciences Limited,KRONOX,228.88,143.12,136.76,135.02,1.96,1.81,NSE_EQ|INE0ATZ01017,138.59,2026-05-28T20:53:51.589961+05:30,140.53,Expecting value: line 1 column 1 (char 0),135.98,109.9,111.36,-5.5,109.0,0.0,0.0
IPO-2024,Saraswati Saree Depot Ltd,SSDL,213.88,61.21,61.38,61.48,-2.11,-2.6,NSE_EQ|INE0PQ101010,61.35,2026-05-28T20:53:52.640191+05:30,62.8,Expecting value: line 1 column 1 (char 0),60.5,57.29,58.35,-3.84,56.23,59.25,-9.42
IPO-2024,Gopal Snacks Ltd,GOPAL,520.0,299.85,296.19,295.41,-0.77,2.15,NSE_EQ|INE0L9R01028,295.46,2026-05-28T20:53:53.703371+05:30,293.4,Expecting value: line 1 column 1 (char 0),0.0,273.94,277.05,-2.13,268.0,290.2,-10.59
IPO-2024, Mamata Machinery Ltd,MAMATA,630.0,420.95,412.0,408.35,1.25,0.65,NSE_EQ|INE0TO701015,415.58,2026-05-28T20:53:54.756868+05:30,418.2,Expecting value: line 1 column 1 (char 0),416.2,375.79,380.53,-4.68,369.0,0.0,0.0
IPO-2024,Deepak Builders & Engineers India Limited,DBEIL,214.0,85.91,79.0,78.59,2.35,7.8,NSE_EQ|INE0OPA01019,80.05,2026-05-28T20:53:55.774750+05:30,79.21,Expecting value: line 1 column 1 (char 0),77.0,71.89,73.42,-4.96,71.06,70.0,-3.4
IPO-2024,Rashi Peripherals Limited,RPTECH,560.0,525.95,531.47,514.74,-2.42,-2.74,NSE_EQ|INE0J1F01024,534.69,2026-05-28T20:53:56.798879+05:30,540.35,Expecting value: line 1 column 1 (char 0),0.0,347.52,348.88,2.42,337.2,337.2,2.42
IPO-2024,Vibhor Steel Tubes Limited,VSTL,446.25,117.89,120.25,121.94,-0.6,-1.79,NSE_EQ|INE0QTF01015,118.7,2026-05-28T20:53:57.846171+05:30,120.0,Expecting value: line 1 column 1 (char 0),117.45,111.42,112.21,-8.73,117.0,110.0,-2.22
IPO-2024,Capital Small Finance Bank Limited,CAPITALSFB,469.0,285.95,280.79,277.16,-0.73,-0.02,NSE_EQ|INE646H01017,282.22,2026-05-28T20:53:58.868576+05:30,286.0,Expecting value: line 1 column 1 (char 0),0.0,237.15,240.05,-6.25,237.0,237.0,-6.25
IPO-2024,Mukka Proteins Limited,MUKKA,56.56,23.04,23.11,23.28,-0.26,0.39,NSE_EQ|INE0CG401037,22.96,2026-05-28T20:53:59.904375+05:30,22.95,Expecting value: line 1 column 1 (char 0),22.52,21.48,21.69,-1.97,21.2,21.1,-1.49
IPO-2024,Gala Precision Engineering Limited,GALAPREC,1480.0,938.2,875.86,846.05,5.61,-0.72,NSE_EQ|INE0RE001014,900.7,2026-05-28T20:54:00.974406+05:30,945.0,Expecting value: line 1 column 1 (char 0),842.25,755.18,755.24,2.61,745.0,745.0,2.61
IPO-2024,Suraksha Diagnostic Limited,SURAKSHA,449.0,289.6,299.79,295.99,-1.84,-2.04,NSE_EQ|INE877V01027,298.2,2026-05-28T20:54:02.016047+05:30,295.5,Expecting value: line 1 column 1 (char 0),305.05,260.13,261.6,-2.04,260.3,0.0,0.0
IPO-2024,Vraj Iron and Steel Limited,VRAJ,296.7,122.8,123.49,124.61,-1.9,-2.61,NSE_EQ|INE0S2V01010,122.72,2026-05-28T20:54:03.077767+05:30,126.0,Expecting value: line 1 column 1 (char 0),122.0,111.43,113.1,-5.42,110.97,0.0,0.0
IPO-2024,Northern ARC Capital Limited,NORTHARC,350.0,282.1,282.16,277.32,-1.47,0.67,NSE_EQ|INE850M01015,282.58,2026-05-28T20:54:04.134499+05:30,280.2,Expecting value: line 1 column 1 (char 0),278.8,229.79,232.23,-5.14,231.1,222.85,-1.39
IPO-2024,Unicommerce eSolutions Limited,UNIECOM,263.99,87.58,87.29,89.15,-2.15,1.8,NSE_EQ|INE00U401027,86.87,2026-05-28T20:54:05.200322+05:30,86.0,Expecting value: line 1 column 1 (char 0),86.99,93.88,95.28,-0.11,89.0,0.0,0.0
IPO-2024,Arkade Developers Limited,ARKADE,213.69,123.26,118.64,117.89,2.32,0.37,NSE_EQ|INE0QRL01017,119.96,2026-05-28T20:54:06.244884+05:30,122.81,Expecting value: line 1 column 1 (char 0),119.96,105.17,106.54,-0.39,102.0,106.35,-4.68
IPO-2024,EPACK Durable Limited,EPACK,669.95,230.95,239.67,244.94,-0.28,-1.75,NSE_EQ|INE0G5901015,235.05,2026-05-28T20:54:07.289040+05:30,235.0,Expecting value: line 1 column 1 (char 0),0.0,234.1,236.21,-5.29,232.68,0.0,0.0
IPO-2024,Interarch Building Products Limited,INTERARCH,2762.6,1781.0,1807.07,1864.5,-0.72,-1.96,NSE_EQ|INE00M901018,1782.18,2026-05-28T20:54:08.334904+05:30,1815.9,Expecting value: line 1 column 1 (char 0),1725.0,1760.81,1780.47,-1.22,1738.9,1706.5,0.67
IPO-2024,Western Carriers (India) Limited,WCIL,177.0,99.5,99.25,100.14,-1.37,1.66,NSE_EQ|INE0CJF01024,98.68,2026-05-28T20:54:09.377388+05:30,97.85,Expecting value: line 1 column 1 (char 0),97.1,94.16,96.41,-6.68,91.0,0.0,0.0
IPO-2024,Style Baazar (Baazar Style Retail Limited),STYLEBAAZA,431.15,337.65,357.59,364.02,2.66,-5.12,NSE_EQ|INE01FR01028,347.08,2026-05-28T20:54:10.439699+05:30,354.95,Expecting value: line 1 column 1 (char 0),342.0,271.56,274.64,14.31,240.15,0.0,0.0
IPO-2024,J.G.Chemicals Limited,JGCHEM,558.0,406.45,401.75,399.05,0.57,-1.13,NSE_EQ|INE0MB501011,403.68,2026-05-28T20:54:11.476611+05:30,411.05,Expecting value: line 1 column 1 (char 0),399.7,337.42,339.62,-0.71,331.2,0.0,0.0
IPO-2024,JNK India Limited,JNKINDIA,897.25,381.9,373.23,361.54,-0.64,0.5,NSE_EQ|INE0OAF01028,379.42,2026-05-28T20:54:12.511471+05:30,380.0,Expecting value: line 1 column 1 (char 0),0.0,235.53,235.45,0.71,233.5,233.99,0.5
IPO-2024,Stanley Lifestyles Limited,STANLEY,627.5,161.41,160.51,158.26,0.36,-3.18,NSE_EQ|INE01A001028,161.4,2026-05-28T20:54:13.567302+05:30,166.55,Expecting value: line 1 column 1 (char 0),161.0,148.35,150.84,-1.06,142.5,0.0,0.0
IPO-2024,Godavari Biorefineries Limited,GODAVARIB,408.6,284.05,301.31,305.75,-4.49,0.07,NSE_EQ|INE497S01012,295.07,2026-05-28T20:54:14.608316+05:30,283.85,Expecting value: line 1 column 1 (char 0),313.7,302.01,299.66,-1.06,311.0,280.0,9.02
IPO-2024,Nova Agritech Limited,NOVAAGRI,94.0,28.32,28.51,28.45,1.0,-3.28,NSE_EQ|INE02H701025,28.52,2026-05-28T20:54:15.675135+05:30,29.25,Expecting value: line 1 column 1 (char 0),28.66,24.33,25.19,-6.62,22.7,0.0,0.0
IPO-2024,Dee Development Engineers Limited,DEEDEV,573.3,548.0,512.46,482.25,-0.6,1.46,NSE_EQ|INE841L01016,531.23,2026-05-28T20:54:16.701392+05:30,540.0,Expecting value: line 1 column 1 (char 0),0.0,268.1,266.08,-1.03,265.0,0.0,0.0
IPO-2024,Akme Fintrade (India) Limited,AFIL,13.4,9.7,9.28,9.16,-1.49,2.89,NSE_EQ|INE916Y01027,9.43,2026-05-28T20:54:17.749177+05:30,9.42,Expecting value: line 1 column 1 (char 0),9.16,7.79,7.63,-1.37,8.11,0.0,0.0
IPO-2025,Capital Infra Trust,CAPINVIT,108.95,70.71,70.47,70.31,-0.95,-0.25,NSE_EQ|INE0Z8Z23013,70.53,2026-05-28T20:54:18.794370+05:30,70.89,Expecting value: line 1 column 1 (char 0),0.0,68.64,68.94,0.97,67.35,0.0,0.0
IPO-2025,Arisinfra Solutions Limited,ARISINFRA,208.5,120.4,125.7,128.09,-2.39,-1.9,NSE_EQ|INE0H9P01028,122.27,2026-05-28T20:54:19.871561+05:30,122.69,Expecting value: line 1 column 1 (char 0),121.8,103.77,104.3,-1.26,103.74,101.01,1.41
IPO-2025,Vikram Solar Limited,VIKRAMSOLR,407.95,201.45,202.76,206.25,-1.09,0.72,NSE_EQ|INE078V01014,200.81,2026-05-28T20:54:20.936954+05:30,199.99,Expecting value: line 1 column 1 (char 0),0.0,189.47,190.07,1.71,189.0,189.0,1.71
IPO-2025,Stallion India Fluorochemicals Limited,STALLION,423.8,180.73,167.87,160.86,2.4,-0.7,NSE_EQ|INE0RYC01010,174.67,2026-05-28T20:54:22.002068+05:30,182.0,Expecting value: line 1 column 1 (char 0),176.8,115.46,119.16,-1.36,110.8,110.1,-0.72
IPO-2025,Sri Lotus Developers And Realty Limited,LOTUSDEV,218.49,136.25,139.46,139.91,-1.72,-2.24,NSE_EQ|INE0V9Q01010,138.59,2026-05-28T20:54:23.078490+05:30,139.3,Expecting value: line 1 column 1 (char 0),139.09,117.56,120.16,-2.77,112.55,0.0,0.0
IPO-2025,Aditya Infotech Limited,CPPLUS,2737.0,2639.6,2514.35,2438.45,2.63,-2.63,NSE_EQ|INE819V01029,2564.23,2026-05-28T20:54:24.209084+05:30,2709.1,Expecting value: line 1 column 1 (char 0),2579.0,1663.42,1652.24,-2.16,1709.6,0.0,0.0
IPO-2025,Bluestone Jewellery and Lifestyle Limited,BLUESTONE,793.0,469.9,475.67,482.51,-1.08,-1.63,NSE_EQ|INE304W01038,473.8,2026-05-28T20:54:25.259368+05:30,477.55,Expecting value: line 1 column 1 (char 0),474.8,506.36,500.26,-4.68,537.0,521.0,-1.56
IPO-2025,Emmvee Photovoltaic Power Limited,EMMVEE,314.9,312.1,279.32,270.45,0.41,5.16,NSE_EQ|INE1C6T01020,290.18,2026-05-28T20:54:26.336326+05:30,296.0,Expecting value: line 1 column 1 (char 0),0.0,217.04,214.91,-0.37,226.99,189.23,16.33
IPO-2025,Shringar House of Mangalsutra Limited,SHRINGARMS,266.5,212.97,211.71,209.15,-0.19,-0.95,NSE_EQ|INE1B3L01017,213.45,2026-05-28T20:54:27.381280+05:30,215.0,Expecting value: line 1 column 1 (char 0),209.99,195.71,199.24,-2.16,188.05,0.0,0.0
IPO-2025,Pine Labs Limited,PINELABS,284.0,145.83,151.7,162.41,-9.83,3.55,NSE_EQ|INE15B701018,145.23,2026-05-28T20:54:28.482110+05:30,140.65,Expecting value: line 1 column 1 (char 0),0.0,170.39,173.62,0.73,164.97,159.41,4.07
IPO-2025,Laxmi Dental Limited,LAXMIDENTL,584.0,243.13,225.69,216.15,-2.76,3.06,NSE_EQ|INE0WO601020,234.8,2026-05-28T20:54:29.544914+05:30,235.7,Expecting value: line 1 column 1 (char 0),203.9,174.33,177.22,-5.28,173.0,0.0,0.0
IPO-2025,Jinkushal Industries Limited,JKIPL,126.95,85.53,85.2,85.09,-0.13,-3.47,NSE_EQ|INE1FF001016,84.96,2026-05-28T20:54:30.598045+05:30,88.5,Expecting value: line 1 column 1 (char 0),84.0,54.56,56.19,-0.71,51.0,0.0,0.0
IPO-2025,Vikran Engineering Limited,VIKRAN,118.4,75.0,70.83,70.4,8.36,-3.8,NSE_EQ|INE01R501028,72.15,2026-05-28T20:54:31.654004+05:30,77.85,Expecting value: line 1 column 1 (char 0),0.0,61.91,63.51,-2.93,60.0,60.25,-3.36
IPO-2025,Quadrant Future Tek Limited,QUADFUTURE,744.0,295.15,293.55,297.57,7.18,-1.25,NSE_EQ|INE0LRY01011,293.1,2026-05-28T20:54:32.690246+05:30,298.85,Expecting value: line 1 column 1 (char 0),0.0,293.94,294.25,-3.47,300.05,288.0,0.69
IPO-2025,VMS TMT Limited,VMSTMT,105.0,48.5,47.91,47.57,-0.77,0.82,NSE_EQ|INE0SJA01013,48.12,2026-05-28T20:54:33.830149+05:30,48.1,Expecting value: line 1 column 1 (char 0),47.12,41.51,42.16,-4.11,41.32,39.65,0.1
IPO-2025,Shanti Gold International Limited,SHANTIGOLD,274.1,220.68,220.31,215.74,-1.03,-1.45,NSE_EQ|INE06ZD01017,222.11,2026-05-28T20:54:34.911071+05:30,223.89,Expecting value: line 1 column 1 (char 0),223.25,186.77,189.07,-4.27,183.99,198.0,-12.21
IPO-2025,Denta Water and Infra Solutions Limited,DENTA,479.6,252.35,268.0,271.56,6.03,-2.18,NSE_EQ|INE0R4L01018,264.21,2026-05-28T20:54:35.971532+05:30,257.85,Expecting value: line 1 column 1 (char 0),276.0,242.3,244.26,0.52,238.0,0.0,0.0
IPO-2025,Indiqube Spaces Limited,INDIQUBE,243.8,163.77,165.85,166.11,-2.38,-0.75,NSE_EQ|INE06ST01018,164.82,2026-05-28T20:54:37.017405+05:30,165.0,Expecting value: line 1 column 1 (char 0),168.91,149.29,152.61,-3.56,141.05,165.0,-21.15
IPO-2025,Globe Civil Projects Limited,GLOBECIVIL,95.0,42.21,44.13,44.89,-0.09,-3.06,NSE_EQ|INE0V3U01015,43.49,2026-05-28T20:54:38.080171+05:30,43.5,Expecting value: line 1 column 1 (char 0),42.7,43.95,44.9,-6.67,43.0,0.0,0.0
IPO-2025,Fabtech Technologies Limited,FABTECH,262.8,159.76,156.23,156.95,1.2,1.72,NSE_EQ|INE0HF201011,156.54,2026-05-28T20:54:39.126975+05:30,157.01,Expecting value: line 1 column 1 (char 0),154.84,142.79,144.57,-5.64,144.92,141.5,-3.15
IPO-2025,WeWork India Management Limited,WEWORK,664.0,590.95,549.28,536.02,-0.86,3.55,NSE_EQ|INE085001019,566.83,2026-05-28T20:54:40.189649+05:30,569.95,Expecting value: line 1 column 1 (char 0),0.0,466.31,473.47,-3.4,461.0,464.0,-4.07
IPO-2025,Sudeep Pharma Limited,SUDEEPPHRM,795.0,674.7,672.58,666.29,-1.51,-2.72,NSE_EQ|INE0QPI01025,679.23,2026-05-28T20:54:41.226187+05:30,693.05,Expecting value: line 1 column 1 (char 0),656.0,615.65,616.03,3.68,600.0,600.0,3.68
IPO-2025,Ganesh Consumer Products Limited,GANESHCP,309.95,196.53,199.73,198.78,-1.98,-1.97,NSE_EQ|INE652V01016,199.6,2026-05-28T20:54:42.264796+05:30,200.4,Expecting value: line 1 column 1 (char 0),205.0,168.39,170.17,-3.58,169.95,0.0,0.0
IPO-2025,Smartworks Coworking Spaces Limited,SMARTWORKS,619.0,449.0,445.98,441.82,-0.45,1.49,NSE_EQ|INE0NAZ01010,448.66,2026-05-28T20:54:43.282081+05:30,442.3,Expecting value: line 1 column 1 (char 0),448.95,392.6,397.22,-2.15,387.0,387.7,-2.34
IPO-2025,Prostarm Info Systems Limited,PROSTARM,253.49,142.31,148.23,149.67,-0.41,-0.48,NSE_EQ|INE0BX301013,146.03,2026-05-28T20:54:44.286988+05:30,143.0,Expecting value: line 1 column 1 (char 0),136.0,131.46,133.5,1.94,125.99,125.99,1.94
IPO-2025,Highway Infrastructure Limited,HILINFRA,131.4,50.3,49.39,49.99,2.01,1.39,NSE_EQ|INE00RL01028,49.37,2026-05-28T20:54:45.299195+05:30,49.6,Expecting value: line 1 column 1 (char 0),48.84,49.19,49.75,-3.23,48.83,0.0,0.0
IPO-2025,Patel Retail Limited,PATELRMART,305.0,185.9,196.83,199.03,-2.09,-3.82,NSE_EQ|INE0R8B01010,193.31,2026-05-28T20:54:46.353385+05:30,193.0,Expecting value: line 1 column 1 (char 0),0.0,168.71,170.53,-2.62,168.22,0.0,0.0
IPO-2025,Kalpataru Limited,KALPATARU,457.4,334.15,335.22,334.85,-0.36,-1.75,NSE_EQ|INE227J01012,333.83,2026-05-28T20:54:47.390269+05:30,340.0,Expecting value: line 1 column 1 (char 0),320.6,296.7,300.88,-5.36,295.0,297.0,-6.07
IPO-2025,Anthem Biosciences Limited,ANTHEM,873.5,757.2,774.02,770.42,0.15,-2.08,NSE_EQ|INE0CZ201020,768.53,2026-05-28T20:54:48.452427+05:30,772.95,Expecting value: line 1 column 1 (char 0),0.0,648.61,650.35,0.93,635.0,653.05,-1.89
IPO-2025,Seshaasai Technologies Limited,STYL,437.45,268.37,264.32,259.22,1.7,-2.62,NSE_EQ|INE04VU01023,267.3,2026-05-28T20:54:49.471760+05:30,275.39,Expecting value: line 1 column 1 (char 0),266.82,232.97,235.4,-4.99,232.28,229.31,-3.64
IPO-2025,Studds Accessories Limited,STUDDS,600.0,470.0,454.15,458.31,0.77,2.53,NSE_EQ|INE00Q601028,456.91,2026-05-28T20:54:50.499887+05:30,458.1,Expecting value: line 1 column 1 (char 0),443.05,494.03,496.62,-1.1,485.0,505.55,-5.39
IPO-2025,M & B Engineering Limited,MBEL,535.9,303.2,304.64,307.96,-0.71,-2.23,NSE_EQ|INE08N601015,303.72,2026-05-28T20:54:51.506790+05:30,309.95,Expecting value: line 1 column 1 (char 0),299.0,273.47,279.55,-5.08,262.5,281.0,-12.49
IPO-2025,Saatvik Green Energy Limited,SAATVIKGL,567.0,449.85,448.27,450.34,0.39,-5.15,NSE_EQ|INE13B501022,447.22,2026-05-28T20:54:52.540170+05:30,473.0,Expecting value: line 1 column 1 (char 0),434.95,367.26,368.76,-1.27,372.0,339.75,7.51
IPO-2025,Crizac Limited,CRIZAC,387.95,227.33,217.29,214.81,2.45,-5.79,NSE_EQ|INE0S4R01014,222.61,2026-05-28T20:54:53.582403+05:30,240.5,Expecting value: line 1 column 1 (char 0),233.0,203.01,206.66,-3.98,197.15,200.0,-5.49
IPO-2025,Tata Capital Limited,TATACAP,367.3,310.4,308.87,312.53,2.21,-2.13,NSE_EQ|INE976I01016,309.08,2026-05-28T20:54:54.629730+05:30,317.0,Expecting value: line 1 column 1 (char 0),310.0,323.72,324.94,4.51,312.0,312.0,4.51
IPO-2025,Laxmi India Finance Limited,LAXMIINDIA,180.9,112.8,117.78,118.28,0.63,-1.06,NSE_EQ|INE06WU01026,115.24,2026-05-28T20:54:55.679233+05:30,114.0,Expecting value: line 1 column 1 (char 0),115.0,84.35,85.76,-1.23,82.0,88.2,-8.89
IPO-2025,Regaal Resources Limited,REGAAL,145.7,90.75,86.81,85.01,-1.55,-2.53,NSE_EQ|INE0MHO01029,89.1,2026-05-28T20:54:56.745449+05:30,93.05,Expecting value: line 1 column 1 (char 0),79.3,70.53,70.42,-4.98,69.75,0.0,0.0
IPO-2025,Rubicon Research Limited,RUBICON,1015.7,967.9,965.18,953.67,3.45,-2.08,NSE_EQ|INE506V01022,966.25,2026-05-28T20:54:57.797750+05:30,988.0,Expecting value: line 1 column 1 (char 0),944.0,779.33,776.04,2.13,771.2,771.2,2.13
IPO-2025,Mangal Electrical Industries Limited,MEIL,573.7,326.4,320.7,315.44,-1.05,0.43,NSE_EQ|INE0PKD01011,322.75,2026-05-28T20:54:58.855093+05:30,325.0,Expecting value: line 1 column 1 (char 0),315.9,230.73,234.13,-2.49,229.06,225.75,-1.01
IPO-2025,Indogulf Cropsciences Limited,IGCL,122.0,62.74,62.49,62.78,0.26,0.86,NSE_EQ|INE05J901018,62.41,2026-05-28T20:54:59.925746+05:30,62.2,Expecting value: line 1 column 1 (char 0),59.9,58.72,59.9,-10.17,58.94,64.99,-21.48
IPO-2025,Ellenbarrie Industrial Gases Limited,ELLEN,637.7,260.55,272.94,272.01,-4.08,-1.23,NSE_EQ|INE236E01022,268.44,2026-05-28T20:55:00.972874+05:30,263.75,Expecting value: line 1 column 1 (char 0),281.55,205.87,209.8,2.84,195.0,195.0,2.84
IPO-2025,Solarworld Energy Solutions Limited,SOLARWORLD,388.5,209.16,211.78,208.22,-3.93,-5.66,NSE_EQ|INE0TY101024,213.1,2026-05-28T20:55:02.056018+05:30,221.0,Expecting value: line 1 column 1 (char 0),201.0,161.41,166.47,-7.45,159.0,155.02,-4.76
IPO-2025,TruAlt Bioenergy Limited,TRUALT,549.0,493.55,480.46,472.78,2.21,-0.28,NSE_EQ|INE0MWH01014,487.03,2026-05-28T20:55:03.147702+05:30,494.95,Expecting value: line 1 column 1 (char 0),481.0,397.83,397.3,-2.58,409.0,390.65,2.02
IPO-2025,Scoda Tubes Limited,SCODATUBES,230.85,125.49,138.92,142.37,-0.7,-3.59,NSE_EQ|INE090501011,134.8,2026-05-28T20:55:04.195459+05:30,130.0,Expecting value: line 1 column 1 (char 0),136.8,125.65,126.48,0.44,124.92,0.0,0.0
IPO-2025,HDB Financial Services Limited,HDBFS,891.9,674.2,672.38,670.78,1.49,-0.51,NSE_EQ|INE756I01012,672.29,2026-05-28T20:55:05.250239+05:30,677.65,Expecting value: line 1 column 1 (char 0),669.6,637.5,645.7,-3.56,627.0,0.0,0.0
IPO-2025,National Securities Depository Limited,NSDL,0.0,1397.7,1400.23,1395.89,0.43,-0.16,NSE_EQ|INE301O01023,1541.2,2026-02-23T14:10:52.109324,,Expecting value: line 1 column 1 (char 0),0.0,,,,,,
IPO-2025,Brigade Hotel Venture Limited,BRIGHOTEL,91.77,61.6,61.48,62.19,-0.5,-0.24,NSE_EQ|INE03NU01014,61.41,2026-05-28T20:55:07.230608+05:30,61.75,Expecting value: line 1 column 1 (char 0),61.0,58.83,59.17,-3.34,59.02,57.8,-1.21
IPO-2025,Canara Robeco Asset Management Company Ltd,CRAMC,353.4,245.95,244.28,246.59,-0.52,-1.02,NSE_EQ|INE218I01013,245.11,2026-05-28T20:55:08.279286+05:30,248.45,Expecting value: line 1 column 1 (char 0),244.55,236.33,238.31,-2.71,237.0,0.0,0.0
IPO-2025,Glottis Limited,GLOTTIS,93.0,65.84,65.23,62.58,-5.74,1.26,NSE_EQ|INE0TQE01026,66.64,2026-05-28T20:55:09.311596+05:30,65.01,Expecting value: line 1 column 1 (char 0),0.0,43.36,44.14,-5.46,42.9,0.0,0.0
IPO-2025,Capillary Technologies India Limited,CAPILLARY,798.95,513.3,521.34,528.76,-2.06,-1.09,NSE_EQ|INE0ILV01024,516.63,2026-05-28T20:55:10.323827+05:30,518.9,Expecting value: line 1 column 1 (char 0),0.0,502.43,508.9,-6.87,509.95,0.0,0.0
IPO-2025,Jain Resource Recycling Limited,JAINREC,593.95,396.15,423.58,443.24,1.79,-1.43,NSE_EQ|INE0YD401026,401.53,2026-05-28T20:55:11.347594+05:30,401.8,Expecting value: line 1 column 1 (char 0),392.2,436.1,431.29,3.86,438.0,438.0,3.86
IPO-2025,Excelsoft Technologies Limited,EXCELSOFT,142.59,87.43,89.12,89.05,-3.69,-1.21,NSE_EQ|INE606N01019,88.76,2026-05-28T20:55:12.375588+05:30,88.49,,0.0,76.62,77.37,-3.4,75.2,80.17,-10.23
IPO-2025,Jaro Institute of Technology Management and Research Ltd,JARO,890.0,567.6,535.86,500.81,-0.16,-2.48,NSE_EQ|INE00YJ01010,562.0,2026-05-28T20:55:13.378575+05:30,581.65,Expecting value: line 1 column 1 (char 0),562.6,465.13,464.3,-1.25,478.0,433.5,8.18
IPO-2025,Anand Rathi Share and Stock Brokers Limited,ARSSBL,794.85,539.6,540.22,546.94,1.65,-1.71,NSE_EQ|INE549H01021,538.06,2026-05-28T20:55:14.385274+05:30,548.85,Expecting value: line 1 column 1 (char 0),537.45,471.7,479.3,-0.57,455.0,477.05,-5.45
IPO-2025,Avance Technologies Limited,ADVANCE,154.0,103.57,104.4,105.52,-0.38,-1.94,NSE_EQ|INE1B0W01010,104.06,2026-05-28T20:55:15.412481+05:30,105.58,Expecting value: line 1 column 1 (char 0),0.0,99.71,102.55,-8.33,97.5,0.0,0.0
IPO-2025,LG Electronics India Limited,LGEINDIA,1749.0,1526.3,1525.94,1531.78,-1.16,-0.08,NSE_EQ|INE324D01010,1522.6,2026-05-28T20:55:16.409012+05:30,1527.5,Expecting value: line 1 column 1 (char 0),1505.0,1531.77,1533.11,-2.91,1535.0,1501.0,-0.63
IPO-2025,iValue InfoSolutions Limited,IVALUE,340.0,243.75,245.64,246.89,2.25,-2.95,NSE_EQ|INE056801025,245.61,2026-05-28T20:55:17.425613+05:30,250.95,Expecting value: line 1 column 1 (char 0),245.0,226.28,227.26,-4.72,230.39,225.08,-2.31
IPO-2025,Amanta Healthcare Limited,AMANTA,154.4,132.26,131.22,130.44,3.08,-1.91,NSE_EQ|INE084K01015,131.49,2026-05-28T20:55:18.437387+05:30,134.78,,129.15,97.76,98.34,1.78,95.18,95.18,1.78
IPO-2025,Dev Accelerator Limited,DEVX,64.05,38.28,39.53,39.99,-0.08,-1.54,NSE_EQ|INE0VOV01021,38.96,2026-05-28T20:55:19.435402+05:30,38.87,Expecting value: line 1 column 1 (char 0),0.0,37.49,37.83,-5.33,37.76,37.2,-3.77
IPO-2025,Canara HSBC Life Insurance Company Limited,CANHLIFE,159.0,140.0,139.12,139.79,0.37,-0.04,NSE_EQ|INE01TY01017,139.45,2026-05-28T20:55:20.444718+05:30,140.05,Expecting value: line 1 column 1 (char 0),137.0,144.54,144.63,-0.37,145.02,140.3,2.89
IPO-2025,Shreeji Shipping Global Limited,SHREEJISPG,469.3,466.7,445.4,429.46,-1.51,1.33,NSE_EQ|INE1B6101010,455.68,2026-05-28T20:55:21.446913+05:30,460.5,Expecting value: line 1 column 1 (char 0),454.9,364.12,365.95,0.15,356.15,0.0,0.0
IPO-2025,Urban Company Limited,URBANCO,201.18,123.36,124.05,127.26,-1.35,-0.64,NSE_EQ|INE0CAZ01013,122.83,2026-05-28T20:55:22.438871+05:30,124.15,Expecting value: line 1 column 1 (char 0),121.25,113.05,113.32,1.94,111.99,111.99,1.94
IPO-2025,Gem Aromatics Limited,GEMAROMA,349.6,151.04,155.27,158.05,0.13,-1.22,NSE_EQ|INE06XZ01023,153.44,2026-05-28T20:55:23.426078+05:30,152.88,Expecting value: line 1 column 1 (char 0),154.53,169.95,172.39,-9.79,169.64,193.5,-25.23
IPO-2025,Om Freight Forwarders Limited,OMFREIGHT,107.4,87.29,87.69,86.38,-0.74,-2.07,NSE_EQ|INE1BZC01019,87.72,2026-05-28T20:55:24.423948+05:30,89.1,Expecting value: line 1 column 1 (char 0),86.95,72.9,74.48,-3.35,70.0,0.0,0.0
IPO-2025,BMW Ventures Limited,BMWVENTLTD,78.0,62.0,61.77,61.83,1.09,-0.65,NSE_EQ|INE965W01036,61.71,2026-05-28T20:55:25.434346+05:30,62.4,Expecting value: line 1 column 1 (char 0),61.0,57.09,57.35,-6.62,58.01,59.85,-10.0
IPO-2025,Billionbrains Garage Ventures Limited (Groww),GROWW,227.2,187.35,189.7,192.58,-0.37,-0.88,NSE_EQ|INE0HOQ01053,188.2,2026-05-28T20:55:26.460432+05:30,189.0,Expecting value: line 1 column 1 (char 0),185.71,160.59,160.87,1.48,158.93,158.93,1.48
IPO-2025,Travel Food Services Limited,TRAVELFOOD,1445.0,1221.9,1154.27,1171.18,1.35,0.89,NSE_EQ|INE103V01028,1169.62,2026-05-28T20:55:27.496108+05:30,1211.0,Expecting value: line 1 column 1 (char 0),1185.0,1146.18,1150.13,1.21,1115.0,1115.0,1.21
IPO-2025,GK Energy Limited,GKENERGY,239.6,123.88,125.29,125.17,-4.12,-1.23,NSE_EQ|INE1AG301022,124.72,2026-05-28T20:55:28.559992+05:30,125.4,Expecting value: line 1 column 1 (char 0),123.0,103.61,104.82,-1.39,102.0,100.0,0.6
IPO-2025,Physicswallah Limited,PWL,161.99,111.99,111.16,109.76,0.71,-0.04,NSE_EQ|INE0LP301011,111.49,2026-05-28T20:55:29.650521+05:30,112.03,Expecting value: line 1 column 1 (char 0),0.0,88.96,90.3,0.18,87.56,80.99,7.67
IPO-2025,Borana Weaves Limited,BORANA,420.0,336.8,328.08,332.1,2.03,2.08,NSE_EQ|INE16SF01016,328.26,2026-05-28T20:55:30.693633+05:30,329.8,,320.8,348.24,351.7,-3.98,336.0,379.9,-17.56
IPO-2025,All Time Plastics Limited,ALLTIME,334.9,228.46,238.58,239.25,-1.8,-2.42,NSE_EQ|INE0GV601021,235.6,2026-05-28T20:55:31.760214+05:30,234.0,Expecting value: line 1 column 1 (char 0),234.0,209.27,212.26,-5.12,209.9,200.53,-0.43
IPO-2025,Atlanta Electricals Limited,ATLANTAELE,1901.8,1878.3,1730.46,1677.88,3.85,0.5,NSE_EQ|INE0Z4F01028,1768.2,2026-05-28T20:55:32.789347+05:30,1868.9,Expecting value: line 1 column 1 (char 0),1720.0,1102.54,1074.66,3.29,1170.0,1170.0,3.29
IPO-2025,Anlon Healthcare Limited,AHCL,172.75,112.32,116.05,117.23,-4.44,-3.28,NSE_EQ|INE0Y8W01017,114.96,2026-03-24T22:14:54.736106,116.0,Expecting value: line 1 column 1 (char 0),111.01,116.05,116.7,-6.3,119.4,0.0,0.0
IPO-2025,Sambhv Steel Tubes Limited,SAMBHV,149.4,106.83,109.56,112.06,-1.07,-0.16,NSE_EQ|INE12NJ01018,107.52,2026-05-28T20:55:34.717874+05:30,107.0,Expecting value: line 1 column 1 (char 0),0.0,94.25,94.4,0.92,93.5,92.0,2.51
IPO-2025,Tenneco Clean Air India Limited,TENNIND,657.0,615.25,607.33,604.13,-1.55,0.07,NSE_EQ|INE19RI01016,609.13,2026-05-28T20:55:35.793953+05:30,614.8,Expecting value: line 1 column 1 (char 0),605.0,537.35,538.15,-1.63,540.0,557.9,-5.0
IPO-2025,Midwest Limited,MIDWESTLTD,1859.9,1210.3,1285.78,1296.49,-1.65,0.02,NSE_EQ|INE0XAD01024,1260.45,2026-05-28T20:55:36.856743+05:30,1210.1,Expecting value: line 1 column 1 (char 0),0.0,1233.43,1242.2,-1.09,1250.0,1136.9,8.05
IPO-2025,Fujiyama Power Systems Limited (UTL Solar),UTLSOLAR,313.0,312.8,283.89,277.18,3.68,3.77,NSE_EQ|INE12UR01024,292.04,2026-05-28T20:55:37.892937+05:30,301.0,Expecting value: line 1 column 1 (char 0),287.0,194.41,194.92,-5.9,204.5,179.44,7.07
IPO-2025,Orkla India Limited,ORKLAINDIA,760.0,615.3,629.12,631.39,-1.28,-1.38,NSE_EQ|INE16NZ01023,624.39,2026-05-28T20:55:38.965395+05:30,623.8,Expecting value: line 1 column 1 (char 0),635.0,575.96,575.36,3.95,567.05,567.05,3.95
IPO-2025,EPack Prefab Technologies Limited,EPACKPEB,344.0,187.04,190.91,191.41,-0.98,-1.29,NSE_EQ|INE0MLS01022,189.23,2026-05-28T20:55:39.996368+05:30,189.45,Expecting value: line 1 column 1 (char 0),0.0,154.76,158.88,0.26,144.61,0.0,0.0
IPO-2025,Lenskart Solutions Limited,LENSKART,557.65,521.0,502.36,501.73,0.97,2.11,NSE_EQ|INE956O01016,509.09,2026-05-28T20:55:41.044576+05:30,510.0,Expecting value: line 1 column 1 (char 0),502.0,508.95,507.32,-1.14,507.7,500.9,0.22
IPO-2025,Quality Power Electrical Equipments Limited,QPOWER,1441.0,1091.4,1115.48,1140.89,3.25,-2.18,NSE_EQ|INE0SII01026,1098.99,2026-05-28T20:55:42.065250+05:30,1115.2,Expecting value: line 1 column 1 (char 0),1079.0,828.43,825.36,2.4,820.0,820.0,2.4
IPO-2025,Euro Pratik Sales Limited,EUROPRATIK,390.0,251.7,256.54,258.21,0.1,-1.69,NSE_EQ|INE198501012,253.52,2026-05-28T20:55:43.102780+05:30,255.95,Expecting value: line 1 column 1 (char 0),259.8,229.27,232.07,2.81,217.7,217.7,2.81
IPO-2025,Pace Digitek Limited,PACEDIGITK,231.95,203.58,190.3,185.02,0.64,0.28,NSE_EQ|INE0S3G01027,195.32,2026-05-28T20:55:44.142875+05:30,203.0,Expecting value: line 1 column 1 (char 0),183.8,162.18,163.79,-2.99,160.0,159.5,-2.66
IPO-2025,GNG Electronics Limited,EBGNG,484.8,439.9,436.48,428.91,-0.17,-4.34,NSE_EQ|INE18JU01028,440.5,2026-05-28T20:55:45.203016+05:30,459.0,Expecting value: line 1 column 1 (char 0),428.0,378.35,373.97,2.19,380.5,380.5,2.19
IPO-2025,Meesho (Fashnear Technologies Private Limited),MEESHO,254.4,187.98,192.58,189.57,-1.97,-2.67,NSE_EQ|INE0VDM01015,192.34,2026-05-28T20:55:46.266573+05:30,193.0,Expecting value: line 1 column 1 (char 0),192.01,149.21,150.17,4.53,143.9,143.9,4.53
IPO-2025,Aequs Limited,AEQUS,223.85,190.47,203.38,197.01,-2.16,-4.01,NSE_EQ|INE947N01017,203.96,2026-05-28T20:55:47.299147+05:30,198.1,Expecting value: line 1 column 1 (char 0),209.2,125.97,127.31,0.32,123.0,118.8,3.73
IPO-2025,Vidya Wires Limited,VIDYAWIRES,111.77,111.77,96.31,91.38,7.51,6.41,NSE_EQ|INE14UN01029,100.3,2026-05-28T20:55:48.376574+05:30,104.6,Expecting value: line 1 column 1 (char 0),89.95,52.97,52.65,0.62,53.1,53.07,0.67
IPO-2025,Wakefit Innovations Limited,WAKEFIT,224.0,127.95,134.41,136.85,-0.48,-1.85,NSE_EQ|INE0E7301029,132.34,2026-05-28T20:55:49.434332+05:30,130.32,Expecting value: line 1 column 1 (char 0),0.0,167.94,169.96,2.15,160.63,160.63,2.15
IPO-2025,Corona Remedies Limited,CORONA,1949.4,1678.4,1712.47,1707.8,-0.77,-2.36,NSE_EQ|INE02ZQ01018,1699.16,2026-05-28T20:55:50.498568+05:30,1718.0,Expecting value: line 1 column 1 (char 0),0.0,1581.06,1576.29,-4.28,1632.0,1513.2,3.31
IPO-2025,Nephrocare Health Services Limited,NEPHROPLUS,663.9,605.1,604.9,591.25,-2.95,-0.33,NSE_EQ|INE428V01029,608.79,2026-05-28T20:55:51.528469+05:30,607.1,Expecting value: line 1 column 1 (char 0),612.3,538.21,539.78,-0.64,530.35,0.0,0.0
IPO-2025,Park Medi World Limited,PARKHOSPS,291.0,286.47,265.89,253.92,1.84,-1.13,NSE_EQ|INE119201023,275.92,2026-05-28T20:55:52.574225+05:30,289.71,Expecting value: line 1 column 1 (char 0),282.0,198.5,196.14,3.58,198.01,198.01,3.58
IPO-2025,ICICI Prudential Asset Management Company Limited,ICICIAMC,3597.5,3437.2,3283.88,3255.57,0.17,2.74,NSE_EQ|INE346A01027,3333.2,2026-05-28T20:55:53.626162+05:30,3343.0,Expecting value: line 1 column 1 (char 0),3260.0,2857.25,2871.16,1.08,2763.0,2763.0,1.08
IPO-2025,KSH International Limited,KSHINTL,835.0,825.35,704.6,665.38,-2.73,9.25,NSE_EQ|INE987S01020,742.62,2026-05-28T20:55:54.679834+05:30,749.0,Expecting value: line 1 column 1 (char 0),701.6,419.17,412.37,4.88,427.1,427.1,4.88
IPO-2025,Gujarat Kidney And Super Speciality Limited,GKSL,148.34,135.98,139.14,134.78,-0.08,-3.54,NSE_EQ|INE0V0W01025,139.46,2026-05-28T20:55:55.737251+05:30,140.8,Expecting value: line 1 column 1 (char 0),139.8,105.91,106.34,-2.61,105.29,112.0,-9.15
IPO-2026,Bharat Coking Coal Limited,BHARATCOAL,45.09,38.75,36.67,35.74,4.79,1.29,NSE_EQ|INE05XR01022,37.44,2026-05-28T20:55:56.807105+05:30,38.25,Expecting value: line 1 column 1 (char 0),0.0,33.24,33.57,-7.79,33.9,0.0,0.0
IPO-2026,Amagi Media Labs Limited,AMAGI,450.8,400.0,404.08,401.73,3.19,-2.5,NSE_EQ|INE121R01077,402.98,2026-05-28T20:55:57.828908+05:30,410.0,Expecting value: line 1 column 1 (char 0),397.0,355.34,358.17,-1.4,343.85,0.0,0.0
IPO-2026,Shadowfax Technologies Limited,SHADOWFAX,211.77,194.94,191.7,180.84,-1.55,-3.03,NSE_EQ|INE12UN01015,196.64,2026-05-28T20:55:58.868609+05:30,200.85,Expecting value: line 1 column 1 (char 0),0.0,113.49,113.68,1.5,111.87,111.87,1.5
IPO-2026,Fractal Analytics Limited,FRACTAL,1118.0,1023.65,963.04,955.83,3.59,4.26,NSE_EQ|INE212S01015,972.01,2026-05-28T20:55:59.892940+05:30,980.0,Expecting value: line 1 column 1 (char 0),938.6,816.84,814.35,1.59,808.0,808.0,1.59
IPO-2026,Aye Finance Limited,AYE,161.38,145.09,140.92,137.36,1.16,-1.25,NSE_EQ|INE501X01029,143.42,2026-05-28T20:56:00.933260+05:30,146.91,Expecting value: line 1 column 1 (char 0),145.2,108.03,109.65,-2.74,105.0,112.0,-9.59
